"URL";"ArchiveURL"
"https://www.literatuurgeschiedenis.org";"https://web.archive.org/web/20220325125436/https://www.literatuurgeschiedenis.org/"
"https://www.literatuurgeschiedenis.org/16e-eeuw";"https://web.archive.org/web/20220325125518/https://www.literatuurgeschiedenis.org/16e-eeuw"
"https://www.literatuurgeschiedenis.org/16e-eeuw/de-drukpers-als-wapen";"https://web.archive.org/web/20220325144122/https://www.literatuurgeschiedenis.org/16e-eeuw/de-drukpers-als-wapen"
"https://www.literatuurgeschiedenis.org/16e-eeuw/jeugdliteratuur-in-de-16e-eeuw";"https://web.archive.org/web/20220325164337/https://www.literatuurgeschiedenis.org/16e-eeuw/jeugdliteratuur-in-de-16e-eeuw"
"https://www.literatuurgeschiedenis.org/16e-eeuw/leven-en-sterven-voor-het-geloof";"https://web.archive.org/web/20220325142121/https://www.literatuurgeschiedenis.org/16e-eeuw/leven-en-sterven-voor-het-geloof"
"https://www.literatuurgeschiedenis.org/16e-eeuw/rederijkerij";"https://web.archive.org/web/20220325144107/https://www.literatuurgeschiedenis.org/16e-eeuw/rederijkerij"
"https://www.literatuurgeschiedenis.org/16e-eeuw/revolutie-in-de-nederlandse-literatuur";"https://web.archive.org/web/20220325144137/https://www.literatuurgeschiedenis.org/16e-eeuw/revolutie-in-de-nederlandse-literatuur"
"https://www.literatuurgeschiedenis.org/16e-eeuw/spreekwoorden";"https://web.archive.org/web/20220325133340/https://www.literatuurgeschiedenis.org/16e-eeuw/spreekwoorden"
"https://www.literatuurgeschiedenis.org/16e-eeuw/toneelleven";"https://web.archive.org/web/20220325143533/https://www.literatuurgeschiedenis.org/16e-eeuw/toneelleven"
"https://www.literatuurgeschiedenis.org/16e-eeuw/van-godsdienststrijd-naar-tolerantie";"https://web.archive.org/web/20220325144152/https://www.literatuurgeschiedenis.org/16e-eeuw/van-godsdienststrijd-naar-tolerantie"
"https://www.literatuurgeschiedenis.org/17e-eeuw";"https://web.archive.org/web/20220325125250/https://www.literatuurgeschiedenis.org/17e-eeuw"
"https://www.literatuurgeschiedenis.org/17e-eeuw/17e-eeuws-toneel-in-noord-en-zuid";"https://web.archive.org/web/20220325143519/https://www.literatuurgeschiedenis.org/17e-eeuw/17e-eeuws-toneel-in-noord-en-zuid"
"https://www.literatuurgeschiedenis.org/17e-eeuw/aardse-paradijzen";"https://web.archive.org/web/20220325143925/https://www.literatuurgeschiedenis.org/17e-eeuw/aardse-paradijzen"
"https://www.literatuurgeschiedenis.org/17e-eeuw/de-geschiedenis-in-een-notendop-over-de-vrijheidsstrijd";"https://web.archive.org/web/20220325142037/https://www.literatuurgeschiedenis.org/17e-eeuw/de-geschiedenis-in-een-notendop-over-de-vrijheidsstrijd"
"https://www.literatuurgeschiedenis.org/17e-eeuw/de-honger-naar-kennis";"https://web.archive.org/web/20220325142051/https://www.literatuurgeschiedenis.org/17e-eeuw/de-honger-naar-kennis"
"https://www.literatuurgeschiedenis.org/17e-eeuw/de-mythe-van-de-muiderkring";"https://web.archive.org/web/20220325142106/https://www.literatuurgeschiedenis.org/17e-eeuw/de-mythe-van-de-muiderkring"
"https://www.literatuurgeschiedenis.org/17e-eeuw/de-statenvertaling";"https://web.archive.org/web/20220325142022/https://www.literatuurgeschiedenis.org/17e-eeuw/de-statenvertaling"
"https://www.literatuurgeschiedenis.org/17e-eeuw/een-heftig-twistpunt-de-sacramentenleer";"https://web.archive.org/web/20220325143611/https://www.literatuurgeschiedenis.org/17e-eeuw/een-heftig-twistpunt-de-sacramentenleer"
"https://www.literatuurgeschiedenis.org/17e-eeuw/gouden-tijden";"https://web.archive.org/web/20220325164314/https://www.literatuurgeschiedenis.org/17e-eeuw/gouden-tijden"
"https://www.literatuurgeschiedenis.org/17e-eeuw/gysbreght-van-aemstel-en-de-amsterdamse-schouwburg";"https://web.archive.org/web/20220325143853/https://www.literatuurgeschiedenis.org/17e-eeuw/gysbreght-van-aemstel-en-de-amsterdamse-schouwburg"
"https://www.literatuurgeschiedenis.org/17e-eeuw/het-zeegat-uit";"https://web.archive.org/web/20220325143813/https://www.literatuurgeschiedenis.org/17e-eeuw/het-zeegat-uit"
"https://www.literatuurgeschiedenis.org/17e-eeuw/lachen-is-gezond";"https://web.archive.org/web/20220325144010/https://www.literatuurgeschiedenis.org/17e-eeuw/lachen-is-gezond"
"https://www.literatuurgeschiedenis.org/17e-eeuw/liefde-in-woord-en-beeld";"https://web.archive.org/web/20220325143758/https://www.literatuurgeschiedenis.org/17e-eeuw/liefde-in-woord-en-beeld"
"https://www.literatuurgeschiedenis.org/17e-eeuw/mecenaat-over-geldschieters";"https://web.archive.org/web/20220325142136/https://www.literatuurgeschiedenis.org/17e-eeuw/mecenaat-over-geldschieters"
"https://www.literatuurgeschiedenis.org/17e-eeuw/met-veer-en-kwast";"https://web.archive.org/web/20220325142150/https://www.literatuurgeschiedenis.org/17e-eeuw/met-veer-en-kwast"
"https://www.literatuurgeschiedenis.org/17e-eeuw/over-abc-boekjes-schooldrama-en-thuiscatechisatie";"https://web.archive.org/web/20220325144031/https://www.literatuurgeschiedenis.org/17e-eeuw/over-abc-boekjes-schooldrama-en-thuiscatechisatie"
"https://www.literatuurgeschiedenis.org/17e-eeuw/over-smaak-valt-niet-te-twisten";"https://web.archive.org/web/20220325143941/https://www.literatuurgeschiedenis.org/17e-eeuw/over-smaak-valt-niet-te-twisten"
"https://www.literatuurgeschiedenis.org/17e-eeuw/rederijkersliteratuur";"https://web.archive.org/web/20220325143657/https://www.literatuurgeschiedenis.org/17e-eeuw/rederijkersliteratuur"
"https://www.literatuurgeschiedenis.org/17e-eeuw/schrijven-voor-een-speciale-gelegenheid";"https://web.archive.org/web/20220325143905/https://www.literatuurgeschiedenis.org/17e-eeuw/schrijven-voor-een-speciale-gelegenheid"
"https://www.literatuurgeschiedenis.org/17e-eeuw/schrijver-worden-over-de-regels-van-de-kunst";"https://web.archive.org/web/20220325142206/https://www.literatuurgeschiedenis.org/17e-eeuw/schrijver-worden-over-de-regels-van-de-kunst"
"https://www.literatuurgeschiedenis.org/17e-eeuw/straatgewoel-in-de-nederlandse-literatuur";"https://web.archive.org/web/20220325143955/https://www.literatuurgeschiedenis.org/17e-eeuw/straatgewoel-in-de-nederlandse-literatuur"
"https://www.literatuurgeschiedenis.org/17e-eeuw/twee-beruchte-executies";"https://web.archive.org/web/20220325143627/https://www.literatuurgeschiedenis.org/17e-eeuw/twee-beruchte-executies"
"https://www.literatuurgeschiedenis.org/17e-eeuw/van-poeta-doctus-tot-broodschrijver-in-de-renaissance";"https://web.archive.org/web/20220325143557/https://www.literatuurgeschiedenis.org/17e-eeuw/van-poeta-doctus-tot-broodschrijver-in-de-renaissance"
"https://www.literatuurgeschiedenis.org/17e-eeuw/vreemde-vogels-in-de-oost";"https://web.archive.org/web/20220325142230/https://www.literatuurgeschiedenis.org/17e-eeuw/vreemde-vogels-in-de-oost"
"https://www.literatuurgeschiedenis.org/17e-eeuw/ziek-of-gezond";"https://web.archive.org/web/20220325142250/https://www.literatuurgeschiedenis.org/17e-eeuw/ziek-of-gezond"
"https://www.literatuurgeschiedenis.org/18e-eeuw";"https://web.archive.org/web/20220325125306/https://www.literatuurgeschiedenis.org/18e-eeuw"
"https://www.literatuurgeschiedenis.org/18e-eeuw/achttiende-eeuws-toneel";"https://web.archive.org/web/20220325150927/https://www.literatuurgeschiedenis.org/18e-eeuw/achttiende-eeuws-toneel"
"https://www.literatuurgeschiedenis.org/18e-eeuw/aderlaten-klisteren-en-vaccineren";"https://web.archive.org/web/20220325143213/https://www.literatuurgeschiedenis.org/18e-eeuw/aderlaten-klisteren-en-vaccineren"
"https://www.literatuurgeschiedenis.org/18e-eeuw/boekzaal-van-de-geleerde-wereld";"https://web.archive.org/web/20220325150743/https://www.literatuurgeschiedenis.org/18e-eeuw/boekzaal-van-de-geleerde-wereld"
"https://www.literatuurgeschiedenis.org/18e-eeuw/burgers-in-de-maak";"https://web.archive.org/web/20220325143045/https://www.literatuurgeschiedenis.org/18e-eeuw/burgers-in-de-maak"
"https://www.literatuurgeschiedenis.org/18e-eeuw/de-handen-ineen";"https://web.archive.org/web/20220325142905/https://www.literatuurgeschiedenis.org/18e-eeuw/de-handen-ineen"
"https://www.literatuurgeschiedenis.org/18e-eeuw/de-nederlandse-revolutie";"https://web.archive.org/web/20220325142851/https://www.literatuurgeschiedenis.org/18e-eeuw/de-nederlandse-revolutie"
"https://www.literatuurgeschiedenis.org/18e-eeuw/de-verlichting";"https://web.archive.org/web/20220325143137/https://www.literatuurgeschiedenis.org/18e-eeuw/de-verlichting"
"https://www.literatuurgeschiedenis.org/18e-eeuw/dichten-en-wedijveren-in-teamverband";"https://web.archive.org/web/20220325151049/https://www.literatuurgeschiedenis.org/18e-eeuw/dichten-en-wedijveren-in-teamverband"
"https://www.literatuurgeschiedenis.org/18e-eeuw/dichters-op-drift";"https://web.archive.org/web/20220325142958/https://www.literatuurgeschiedenis.org/18e-eeuw/dichters-op-drift"
"https://www.literatuurgeschiedenis.org/18e-eeuw/dodendialogen";"https://web.archive.org/web/20220325164410/https://www.literatuurgeschiedenis.org/18e-eeuw/dodendialogen"
"https://www.literatuurgeschiedenis.org/18e-eeuw/egodocumenten";"https://web.archive.org/web/20220325142750/https://www.literatuurgeschiedenis.org/18e-eeuw/egodocumenten"
"https://www.literatuurgeschiedenis.org/18e-eeuw/het-epos";"https://web.archive.org/web/20220325150941/https://www.literatuurgeschiedenis.org/18e-eeuw/het-epos"
"https://www.literatuurgeschiedenis.org/18e-eeuw/imaginaire-reisverhalen";"https://web.archive.org/web/20220325150839/https://www.literatuurgeschiedenis.org/18e-eeuw/imaginaire-reisverhalen"
"https://www.literatuurgeschiedenis.org/18e-eeuw/koffie-tabak-en-debat";"https://web.archive.org/web/20220325142943/https://www.literatuurgeschiedenis.org/18e-eeuw/koffie-tabak-en-debat"
"https://www.literatuurgeschiedenis.org/18e-eeuw/metselen-aan-jezelf";"https://web.archive.org/web/20220325143157/https://www.literatuurgeschiedenis.org/18e-eeuw/metselen-aan-jezelf"
"https://www.literatuurgeschiedenis.org/18e-eeuw/moedertaal-voor-het-vaderland";"https://web.archive.org/web/20220325151026/https://www.literatuurgeschiedenis.org/18e-eeuw/moedertaal-voor-het-vaderland"
"https://www.literatuurgeschiedenis.org/18e-eeuw/naar-de-sterren-en-daar-voorbij";"https://web.archive.org/web/20220325142806/https://www.literatuurgeschiedenis.org/18e-eeuw/naar-de-sterren-en-daar-voorbij"
"https://www.literatuurgeschiedenis.org/18e-eeuw/ook-voor-vrouwen";"https://web.archive.org/web/20220325143030/https://www.literatuurgeschiedenis.org/18e-eeuw/ook-voor-vrouwen"
"https://www.literatuurgeschiedenis.org/18e-eeuw/oorlog-in-de-literaire-wereld";"https://web.archive.org/web/20220325150812/https://www.literatuurgeschiedenis.org/18e-eeuw/oorlog-in-de-literaire-wereld"
"https://www.literatuurgeschiedenis.org/18e-eeuw/overleven-aan-de-onderkant";"https://web.archive.org/web/20220325142836/https://www.literatuurgeschiedenis.org/18e-eeuw/overleven-aan-de-onderkant"
"https://www.literatuurgeschiedenis.org/18e-eeuw/populariseren-van-kennis";"https://web.archive.org/web/20220325143116/https://www.literatuurgeschiedenis.org/18e-eeuw/populariseren-van-kennis"
"https://www.literatuurgeschiedenis.org/18e-eeuw/pulp-fiction-en-true-crime";"https://web.archive.org/web/20220325150956/https://www.literatuurgeschiedenis.org/18e-eeuw/pulp-fiction-en-true-crime"
"https://www.literatuurgeschiedenis.org/18e-eeuw/revolutionaire-literatuur";"https://web.archive.org/web/20220325151137/https://www.literatuurgeschiedenis.org/18e-eeuw/revolutionaire-literatuur"
"https://www.literatuurgeschiedenis.org/18e-eeuw/sara-burgerhart-roman-in-brieven";"https://web.archive.org/web/20220325151123/https://www.literatuurgeschiedenis.org/18e-eeuw/sara-burgerhart-roman-in-brieven"
"https://www.literatuurgeschiedenis.org/18e-eeuw/schrijven-voor-geld";"https://web.archive.org/web/20220325142820/https://www.literatuurgeschiedenis.org/18e-eeuw/schrijven-voor-geld"
"https://www.literatuurgeschiedenis.org/18e-eeuw/schrijvers-in-beeld";"https://web.archive.org/web/20220325164301/https://www.literatuurgeschiedenis.org/18e-eeuw/schrijvers-in-beeld"
"https://www.literatuurgeschiedenis.org/18e-eeuw/slavernij-ter-discussie";"https://web.archive.org/web/20220325151011/https://www.literatuurgeschiedenis.org/18e-eeuw/slavernij-ter-discussie"
"https://www.literatuurgeschiedenis.org/18e-eeuw/verlichting-in-afleveringen";"https://web.archive.org/web/20220325150854/https://www.literatuurgeschiedenis.org/18e-eeuw/verlichting-in-afleveringen"
"https://www.literatuurgeschiedenis.org/18e-eeuw/voorbeeldige-kinderen-ideale-volwassenen";"https://web.archive.org/web/20220325151102/https://www.literatuurgeschiedenis.org/18e-eeuw/voorbeeldige-kinderen-ideale-volwassenen"
"https://www.literatuurgeschiedenis.org/19e-eeuw";"https://web.archive.org/web/20220325125320/https://www.literatuurgeschiedenis.org/19e-eeuw"
"https://www.literatuurgeschiedenis.org/19e-eeuw/boeken-voor-de-massa";"https://web.archive.org/web/20220325142350/https://www.literatuurgeschiedenis.org/19e-eeuw/boeken-voor-de-massa"
"https://www.literatuurgeschiedenis.org/19e-eeuw/dat-bliksems-knappe-boek-max-havelaar";"https://web.archive.org/web/20220325151535/https://www.literatuurgeschiedenis.org/19e-eeuw/dat-bliksems-knappe-boek-max-havelaar"
"https://www.literatuurgeschiedenis.org/19e-eeuw/de-alwetende-verteller";"https://web.archive.org/web/20220325142441/https://www.literatuurgeschiedenis.org/19e-eeuw/de-alwetende-verteller"
"https://www.literatuurgeschiedenis.org/19e-eeuw/de-beweging-van-tachtig";"https://web.archive.org/web/20220325151642/https://www.literatuurgeschiedenis.org/19e-eeuw/de-beweging-van-tachtig"
"https://www.literatuurgeschiedenis.org/19e-eeuw/de-dichter-als-filantroop";"https://web.archive.org/web/20220325143418/https://www.literatuurgeschiedenis.org/19e-eeuw/de-dichter-als-filantroop"
"https://www.literatuurgeschiedenis.org/19e-eeuw/de-hele-mensheid";"https://web.archive.org/web/20220325164427/https://www.literatuurgeschiedenis.org/19e-eeuw/de-hele-mensheid"
"https://www.literatuurgeschiedenis.org/19e-eeuw/de-historische-roman";"https://web.archive.org/web/20220325142457/https://www.literatuurgeschiedenis.org/19e-eeuw/de-historische-roman"
"https://www.literatuurgeschiedenis.org/19e-eeuw/de-mooiste-liefdesbrieven-van-de-nederlandse-literatuur";"https://web.archive.org/web/20220325142513/https://www.literatuurgeschiedenis.org/19e-eeuw/de-mooiste-liefdesbrieven-van-de-nederlandse-literatuur"
"https://www.literatuurgeschiedenis.org/19e-eeuw/de-opkomst-van-de-fotografie";"https://web.archive.org/web/20220325142542/https://www.literatuurgeschiedenis.org/19e-eeuw/de-opkomst-van-de-fotografie"
"https://www.literatuurgeschiedenis.org/19e-eeuw/de-realiteit-als-inspiratiebron";"https://web.archive.org/web/20220325151429/https://www.literatuurgeschiedenis.org/19e-eeuw/de-realiteit-als-inspiratiebron"
"https://www.literatuurgeschiedenis.org/19e-eeuw/de-stemmen-van-een-nieuwe-tijd";"https://web.archive.org/web/20220325142405/https://www.literatuurgeschiedenis.org/19e-eeuw/de-stemmen-van-een-nieuwe-tijd"
"https://www.literatuurgeschiedenis.org/19e-eeuw/de-vlaamse-beweging";"https://web.archive.org/web/20220325142425/https://www.literatuurgeschiedenis.org/19e-eeuw/de-vlaamse-beweging"
"https://www.literatuurgeschiedenis.org/19e-eeuw/de-zwarte-romantiek";"https://web.archive.org/web/20220325142721/https://www.literatuurgeschiedenis.org/19e-eeuw/de-zwarte-romantiek"
"https://www.literatuurgeschiedenis.org/19e-eeuw/een-boekwinkel-in-de-19de-eeuw";"https://web.archive.org/web/20220325142528/https://www.literatuurgeschiedenis.org/19e-eeuw/een-boekwinkel-in-de-19de-eeuw"
"https://www.literatuurgeschiedenis.org/19e-eeuw/gevoel-verbeelding-heldenmoed";"https://web.archive.org/web/20220325151229/https://www.literatuurgeschiedenis.org/19e-eeuw/gevoel-verbeelding-heldenmoed"
"https://www.literatuurgeschiedenis.org/19e-eeuw/godsdienst-uit-de-literatuur";"https://web.archive.org/web/20220325151605/https://www.literatuurgeschiedenis.org/19e-eeuw/godsdienst-uit-de-literatuur"
"https://www.literatuurgeschiedenis.org/19e-eeuw/het-boze-oog-van-de-kritiek";"https://web.archive.org/web/20220325151550/https://www.literatuurgeschiedenis.org/19e-eeuw/het-boze-oog-van-de-kritiek"
"https://www.literatuurgeschiedenis.org/19e-eeuw/jong-holland";"https://web.archive.org/web/20220325151325/https://www.literatuurgeschiedenis.org/19e-eeuw/jong-holland"
"https://www.literatuurgeschiedenis.org/19e-eeuw/lachen-in-letterland";"https://web.archive.org/web/20220325151518/https://www.literatuurgeschiedenis.org/19e-eeuw/lachen-in-letterland"
"https://www.literatuurgeschiedenis.org/19e-eeuw/lang-leve-nederland";"https://web.archive.org/web/20220325142603/https://www.literatuurgeschiedenis.org/19e-eeuw/lang-leve-nederland"
"https://www.literatuurgeschiedenis.org/19e-eeuw/literatuur-als-wapen";"https://web.archive.org/web/20220325164418/https://www.literatuurgeschiedenis.org/19e-eeuw/literatuur-als-wapen"
"https://www.literatuurgeschiedenis.org/19e-eeuw/literatuur-als-wetenschap";"https://web.archive.org/web/20220325151620/https://www.literatuurgeschiedenis.org/19e-eeuw/literatuur-als-wetenschap"
"https://www.literatuurgeschiedenis.org/19e-eeuw/nationalisme-in-vlaanderen";"https://web.archive.org/web/20220325151343/https://www.literatuurgeschiedenis.org/19e-eeuw/nationalisme-in-vlaanderen"
"https://www.literatuurgeschiedenis.org/19e-eeuw/pikante-romans";"https://web.archive.org/web/20220325164244/https://www.literatuurgeschiedenis.org/19e-eeuw/pikante-romans"
"https://www.literatuurgeschiedenis.org/19e-eeuw/poezie-voor-iedereen";"https://web.archive.org/web/20220325151208/https://www.literatuurgeschiedenis.org/19e-eeuw/poezie-voor-iedereen"
"https://www.literatuurgeschiedenis.org/19e-eeuw/romantiek-in-nederland";"https://web.archive.org/web/20220325151257/https://www.literatuurgeschiedenis.org/19e-eeuw/romantiek-in-nederland"
"https://www.literatuurgeschiedenis.org/19e-eeuw/toneel-in-de-19e-eeuw";"https://web.archive.org/web/20220325142635/https://www.literatuurgeschiedenis.org/19e-eeuw/toneel-in-de-19e-eeuw"
"https://www.literatuurgeschiedenis.org/19e-eeuw/van-brave-hendrik-tot-dik-trom";"https://web.archive.org/web/20220325151744/https://www.literatuurgeschiedenis.org/19e-eeuw/van-brave-hendrik-tot-dik-trom"
"https://www.literatuurgeschiedenis.org/19e-eeuw/vlaanderen-volop";"https://web.archive.org/web/20220325151731/https://www.literatuurgeschiedenis.org/19e-eeuw/vlaanderen-volop"
"https://www.literatuurgeschiedenis.org/19e-eeuw/vreemdelingen";"https://web.archive.org/web/20220325142651/https://www.literatuurgeschiedenis.org/19e-eeuw/vreemdelingen"
"https://www.literatuurgeschiedenis.org/19e-eeuw/vrouwenemancipatie";"https://web.archive.org/web/20220325142735/https://www.literatuurgeschiedenis.org/19e-eeuw/vrouwenemancipatie"
"https://www.literatuurgeschiedenis.org/19e-eeuw/zelfmoord-in-de-literatuur";"https://web.archive.org/web/20220325142705/https://www.literatuurgeschiedenis.org/19e-eeuw/zelfmoord-in-de-literatuur"
"https://www.literatuurgeschiedenis.org/20e-eeuw";"https://web.archive.org/web/20220325125335/https://www.literatuurgeschiedenis.org/20e-eeuw"
"https://www.literatuurgeschiedenis.org/20e-eeuw/arbeiders-in-de-vlaamse-roman";"https://web.archive.org/web/20220325151758/https://www.literatuurgeschiedenis.org/20e-eeuw/arbeiders-in-de-vlaamse-roman"
"https://www.literatuurgeschiedenis.org/20e-eeuw/autobiografie-en-literatuur-in-de-jaren-negentig";"https://web.archive.org/web/20220325150636/https://www.literatuurgeschiedenis.org/20e-eeuw/autobiografie-en-literatuur-in-de-jaren-negentig"
"https://www.literatuurgeschiedenis.org/20e-eeuw/de-poezie-van-de-vijftigers";"https://web.archive.org/web/20220325150447/https://www.literatuurgeschiedenis.org/20e-eeuw/de-poezie-van-de-vijftigers"
"https://www.literatuurgeschiedenis.org/20e-eeuw/de-poezie-van-de-zestigers";"https://web.archive.org/web/20220325150515/https://www.literatuurgeschiedenis.org/20e-eeuw/de-poezie-van-de-zestigers"
"https://www.literatuurgeschiedenis.org/20e-eeuw/de-roman-na-de-tweede-wereldoorlog";"https://web.archive.org/web/20220325150405/https://www.literatuurgeschiedenis.org/20e-eeuw/de-roman-na-de-tweede-wereldoorlog"
"https://www.literatuurgeschiedenis.org/20e-eeuw/de-tweede-wereldoorlog-in-de-literatuur";"https://web.archive.org/web/20220325150212/https://www.literatuurgeschiedenis.org/20e-eeuw/de-tweede-wereldoorlog-in-de-literatuur"
"https://www.literatuurgeschiedenis.org/20e-eeuw/de-vlaamse-congoroman";"https://web.archive.org/web/20220325150725/https://www.literatuurgeschiedenis.org/20e-eeuw/de-vlaamse-congoroman"
"https://www.literatuurgeschiedenis.org/20e-eeuw/de-vlaamse-strip-in-de-20e-eeuw";"https://web.archive.org/web/20220325151813/https://www.literatuurgeschiedenis.org/20e-eeuw/de-vlaamse-strip-in-de-20e-eeuw"
"https://www.literatuurgeschiedenis.org/20e-eeuw/expressionisme-in-de-poezie";"https://web.archive.org/web/20220325145911/https://www.literatuurgeschiedenis.org/20e-eeuw/expressionisme-in-de-poezie"
"https://www.literatuurgeschiedenis.org/20e-eeuw/geschiedenis-van-de-nederlandse-strip-in-de-twintigste-eeuw";"https://web.archive.org/web/20220325142305/https://www.literatuurgeschiedenis.org/20e-eeuw/geschiedenis-van-de-nederlandse-strip-in-de-twintigste-eeuw"
"https://www.literatuurgeschiedenis.org/20e-eeuw/het-tijdschrift-forum";"https://web.archive.org/web/20220325150040/https://www.literatuurgeschiedenis.org/20e-eeuw/het-tijdschrift-forum"
"https://www.literatuurgeschiedenis.org/20e-eeuw/historische-avant-garde-literatuur";"https://web.archive.org/web/20220325164401/https://www.literatuurgeschiedenis.org/20e-eeuw/historische-avant-garde-literatuur"
"https://www.literatuurgeschiedenis.org/20e-eeuw/indie-in-de-nederlandse-letteren";"https://web.archive.org/web/20220325150339/https://www.literatuurgeschiedenis.org/20e-eeuw/indie-in-de-nederlandse-letteren"
"https://www.literatuurgeschiedenis.org/20e-eeuw/jeugdliteratuur-in-de-20e-eeuw";"https://web.archive.org/web/20220325150658/https://www.literatuurgeschiedenis.org/20e-eeuw/jeugdliteratuur-in-de-20e-eeuw"
"https://www.literatuurgeschiedenis.org/20e-eeuw/literaire-tijdschriften";"https://web.archive.org/web/20220325142319/https://www.literatuurgeschiedenis.org/20e-eeuw/literaire-tijdschriften"
"https://www.literatuurgeschiedenis.org/20e-eeuw/literatuur-en-media";"https://web.archive.org/web/20220325151828/https://www.literatuurgeschiedenis.org/20e-eeuw/literatuur-en-media"
"https://www.literatuurgeschiedenis.org/20e-eeuw/modernisme-in-de-poezie";"https://web.archive.org/web/20220325145930/https://www.literatuurgeschiedenis.org/20e-eeuw/modernisme-in-de-poezie"
"https://www.literatuurgeschiedenis.org/20e-eeuw/modernisme-in-proza";"https://web.archive.org/web/20220325145723/https://www.literatuurgeschiedenis.org/20e-eeuw/modernisme-in-proza"
"https://www.literatuurgeschiedenis.org/20e-eeuw/nederlandstalige-literatuur-van-de-abc-eilanden";"https://web.archive.org/web/20220325150426/https://www.literatuurgeschiedenis.org/20e-eeuw/nederlandstalige-literatuur-van-de-abc-eilanden"
"https://www.literatuurgeschiedenis.org/20e-eeuw/podiumpoezie-dichters-voor-het-voetlicht";"https://web.archive.org/web/20220325142335/https://www.literatuurgeschiedenis.org/20e-eeuw/podiumpoezie-dichters-voor-het-voetlicht"
"https://www.literatuurgeschiedenis.org/20e-eeuw/poezie-1970-1980";"https://web.archive.org/web/20220325150530/https://www.literatuurgeschiedenis.org/20e-eeuw/poezie-1970-1980"
"https://www.literatuurgeschiedenis.org/20e-eeuw/proza-1970-1990";"https://web.archive.org/web/20220325150552/https://www.literatuurgeschiedenis.org/20e-eeuw/proza-1970-1990"
"https://www.literatuurgeschiedenis.org/20e-eeuw/symbolisme-in-de-poezie-rond-1900";"https://web.archive.org/web/20220325145702/https://www.literatuurgeschiedenis.org/20e-eeuw/symbolisme-in-de-poezie-rond-1900"
"https://www.literatuurgeschiedenis.org/20e-eeuw/twee-soorten-postmodernisme";"https://web.archive.org/web/20220325150614/https://www.literatuurgeschiedenis.org/20e-eeuw/twee-soorten-postmodernisme"
"https://www.literatuurgeschiedenis.org/21e-eeuw";"https://web.archive.org/web/20220325125533/https://www.literatuurgeschiedenis.org/21e-eeuw"
"https://www.literatuurgeschiedenis.org/21e-eeuw/documentaire-literatuur-toen-en-nu";"https://web.archive.org/web/20220325145311/https://www.literatuurgeschiedenis.org/21e-eeuw/documentaire-literatuur-toen-en-nu"
"https://www.literatuurgeschiedenis.org/21e-eeuw/een-nieuwe-generatie-nederlands-caraibische-schrijvers-2010-2020";"https://web.archive.org/web/20220325145108/https://www.literatuurgeschiedenis.org/21e-eeuw/een-nieuwe-generatie-nederlands-caraibische-schrijvers-2010-2020"
"https://www.literatuurgeschiedenis.org/21e-eeuw/giphart-en-van-royen-literatuur-en-massacultuur";"https://web.archive.org/web/20220325145617/https://www.literatuurgeschiedenis.org/21e-eeuw/giphart-en-van-royen-literatuur-en-massacultuur"
"https://www.literatuurgeschiedenis.org/21e-eeuw/literaire-waardering-enof-maatschappelijk-engagement";"https://web.archive.org/web/20220325145518/https://www.literatuurgeschiedenis.org/21e-eeuw/literaire-waardering-enof-maatschappelijk-engagement"
"https://www.literatuurgeschiedenis.org/21e-eeuw/literatuur-en-migratie-1990-heden";"https://web.archive.org/web/20220325151852/https://www.literatuurgeschiedenis.org/21e-eeuw/literatuur-en-migratie-1990-heden"
"https://www.literatuurgeschiedenis.org/21e-eeuw/milieu-en-klimaat-in-de-literatuur";"https://web.archive.org/web/20220325144820/https://www.literatuurgeschiedenis.org/21e-eeuw/milieu-en-klimaat-in-de-literatuur"
"https://www.literatuurgeschiedenis.org/21e-eeuw/poetryslam-van-eetcafe-tot-wk";"https://web.archive.org/web/20220325143642/https://www.literatuurgeschiedenis.org/21e-eeuw/poetryslam-van-eetcafe-tot-wk"
"https://www.literatuurgeschiedenis.org/21e-eeuw/relationisme";"https://web.archive.org/web/20220325145643/https://www.literatuurgeschiedenis.org/21e-eeuw/relationisme"
"https://www.literatuurgeschiedenis.org/21e-eeuw/terug-naar-de-wereld-proza-1990-2020";"https://web.archive.org/web/20220325145425/https://www.literatuurgeschiedenis.org/21e-eeuw/terug-naar-de-wereld-proza-1990-2020"
"https://www.literatuurgeschiedenis.org/21e-eeuw/vat-vol-gegevens-digitalisering-en-de-roman";"https://web.archive.org/web/20220325144855/https://www.literatuurgeschiedenis.org/21e-eeuw/vat-vol-gegevens-digitalisering-en-de-roman"
"https://www.literatuurgeschiedenis.org/middeleeuwen";"https://web.archive.org/web/20220325125213/https://www.literatuurgeschiedenis.org/middeleeuwen"
"https://www.literatuurgeschiedenis.org/middeleeuwen/artes";"https://web.archive.org/web/20220325144306/https://www.literatuurgeschiedenis.org/middeleeuwen/artes"
"https://www.literatuurgeschiedenis.org/middeleeuwen/babylonische--spraakverwarring";"https://web.archive.org/web/20220325143433/https://www.literatuurgeschiedenis.org/middeleeuwen/babylonische--spraakverwarring"
"https://www.literatuurgeschiedenis.org/middeleeuwen/bid-elke-dag";"https://web.archive.org/web/20220325143227/https://www.literatuurgeschiedenis.org/middeleeuwen/bid-elke-dag"
"https://www.literatuurgeschiedenis.org/middeleeuwen/boekdrukkunst";"https://web.archive.org/web/20220325144208/https://www.literatuurgeschiedenis.org/middeleeuwen/boekdrukkunst"
"https://www.literatuurgeschiedenis.org/middeleeuwen/de-aarde-is-een-bol";"https://web.archive.org/web/20220325144320/https://www.literatuurgeschiedenis.org/middeleeuwen/de-aarde-is-een-bol"
"https://www.literatuurgeschiedenis.org/middeleeuwen/de-actualiteit-van-het-verleden";"https://web.archive.org/web/20220325144335/https://www.literatuurgeschiedenis.org/middeleeuwen/de-actualiteit-van-het-verleden"
"https://www.literatuurgeschiedenis.org/middeleeuwen/hebban-olla-vogala";"https://web.archive.org/web/20220325164352/https://www.literatuurgeschiedenis.org/middeleeuwen/hebban-olla-vogala"
"https://www.literatuurgeschiedenis.org/middeleeuwen/het-boek-der-boeken";"https://web.archive.org/web/20220325143242/https://www.literatuurgeschiedenis.org/middeleeuwen/het-boek-der-boeken"
"https://www.literatuurgeschiedenis.org/middeleeuwen/het-drieluik-van-memling";"https://web.archive.org/web/20220325143258/https://www.literatuurgeschiedenis.org/middeleeuwen/het-drieluik-van-memling"
"https://www.literatuurgeschiedenis.org/middeleeuwen/het-gruuthusehandschrift";"https://web.archive.org/web/20220325144456/https://www.literatuurgeschiedenis.org/middeleeuwen/het-gruuthusehandschrift"
"https://www.literatuurgeschiedenis.org/middeleeuwen/het-hollandse-hof-rond-1400";"https://web.archive.org/web/20220325144628/https://www.literatuurgeschiedenis.org/middeleeuwen/het-hollandse-hof-rond-1400"
"https://www.literatuurgeschiedenis.org/middeleeuwen/hoe-komen-middeleeuwse-boeken-tot-stand";"https://web.archive.org/web/20220325143505/https://www.literatuurgeschiedenis.org/middeleeuwen/hoe-komen-middeleeuwse-boeken-tot-stand"
"https://www.literatuurgeschiedenis.org/middeleeuwen/hoofsheid";"https://web.archive.org/web/20220325144223/https://www.literatuurgeschiedenis.org/middeleeuwen/hoofsheid"
"https://www.literatuurgeschiedenis.org/middeleeuwen/ik-zag-nooit-zo-rode-mond";"https://web.archive.org/web/20220325143313/https://www.literatuurgeschiedenis.org/middeleeuwen/ik-zag-nooit-zo-rode-mond"
"https://www.literatuurgeschiedenis.org/middeleeuwen/memento-mori";"https://web.archive.org/web/20220325143334/https://www.literatuurgeschiedenis.org/middeleeuwen/memento-mori"
"https://www.literatuurgeschiedenis.org/middeleeuwen/middeleeuwse-visies-op-onderwijs";"https://web.archive.org/web/20220325143447/https://www.literatuurgeschiedenis.org/middeleeuwen/middeleeuwse-visies-op-onderwijs"
"https://www.literatuurgeschiedenis.org/middeleeuwen/middelnederlands-in-10-lessen";"https://web.archive.org/web/20220325133408/https://www.literatuurgeschiedenis.org/middeleeuwen/middelnederlands-in-10-lessen"
"https://www.literatuurgeschiedenis.org/middeleeuwen/moderne-devotie";"https://web.archive.org/web/20220325144426/https://www.literatuurgeschiedenis.org/middeleeuwen/moderne-devotie"
"https://www.literatuurgeschiedenis.org/middeleeuwen/mystiek";"https://web.archive.org/web/20220325144237/https://www.literatuurgeschiedenis.org/middeleeuwen/mystiek"
"https://www.literatuurgeschiedenis.org/middeleeuwen/nederlanden-in-kaart";"https://web.archive.org/web/20220325133354/https://www.literatuurgeschiedenis.org/middeleeuwen/nederlanden-in-kaart"
"https://www.literatuurgeschiedenis.org/middeleeuwen/pelgrims-ridders-en-kooplieden";"https://web.archive.org/web/20220325143348/https://www.literatuurgeschiedenis.org/middeleeuwen/pelgrims-ridders-en-kooplieden"
"https://www.literatuurgeschiedenis.org/middeleeuwen/ridderliteratuur";"https://web.archive.org/web/20220325144351/https://www.literatuurgeschiedenis.org/middeleeuwen/ridderliteratuur"
"https://www.literatuurgeschiedenis.org/middeleeuwen/scriptorium";"https://web.archive.org/web/20220325133306/https://www.literatuurgeschiedenis.org/middeleeuwen/scriptorium"
"https://www.literatuurgeschiedenis.org/middeleeuwen/toneel-in-de-middeleeuwen";"https://web.archive.org/web/20220325144516/https://www.literatuurgeschiedenis.org/middeleeuwen/toneel-in-de-middeleeuwen"
"https://www.literatuurgeschiedenis.org/middeleeuwen/verzamelhandschrift";"https://web.archive.org/web/20220325144440/https://www.literatuurgeschiedenis.org/middeleeuwen/verzamelhandschrift"
"https://www.literatuurgeschiedenis.org/middeleeuwen/voorbeeldige-levens";"https://web.archive.org/web/20220325144411/https://www.literatuurgeschiedenis.org/middeleeuwen/voorbeeldige-levens"
"https://www.literatuurgeschiedenis.org/middeleeuwen/zedenspiegels-en-hoofse-idealen-voor-schoolgaande-monnikjes";"https://web.archive.org/web/20220325144252/https://www.literatuurgeschiedenis.org/middeleeuwen/zedenspiegels-en-hoofse-idealen-voor-schoolgaande-monnikjes"
"https://www.literatuurgeschiedenis.org/middeleeuwen/zingen-in-de-middeleeuwen";"https://web.archive.org/web/20220325144605/https://www.literatuurgeschiedenis.org/middeleeuwen/zingen-in-de-middeleeuwen"
"https://www.literatuurgeschiedenis.org/middeleeuwen/zonder-geloof-vaart-niemand-wel";"https://web.archive.org/web/20220325143404/https://www.literatuurgeschiedenis.org/middeleeuwen/zonder-geloof-vaart-niemand-wel"
"https://www.literatuurgeschiedenis.org/node/18";"https://web.archive.org/web/20220325125436/https://www.literatuurgeschiedenis.org/"
"https://www.literatuurgeschiedenis.org/node/525";"https://web.archive.org/web/20220325125548/https://www.literatuurgeschiedenis.org/node/525"
"https://www.literatuurgeschiedenis.org/over-ons";"https://web.archive.org/web/20220325125503/https://www.literatuurgeschiedenis.org/over-ons"
"https://www.literatuurgeschiedenis.org/privacyverklaring";"https://web.archive.org/web/20220325125617/https://www.literatuurgeschiedenis.org/privacyverklaring"
"https://www.literatuurgeschiedenis.org/schrijvers";"https://web.archive.org/web/20220325125421/https://www.literatuurgeschiedenis.org/schrijvers"
"https://www.literatuurgeschiedenis.org/schrijvers/aernout-van-overbeke";"https://web.archive.org/web/20220325132540/https://www.literatuurgeschiedenis.org/schrijvers/aernout-van-overbeke"
"https://www.literatuurgeschiedenis.org/schrijvers/alg-bosboom-toussaint";"https://web.archive.org/web/20220325131132/https://www.literatuurgeschiedenis.org/schrijvers/alg-bosboom-toussaint"
"https://www.literatuurgeschiedenis.org/schrijvers/alice-nahon";"https://web.archive.org/web/20220325132526/https://www.literatuurgeschiedenis.org/schrijvers/alice-nahon"
"https://www.literatuurgeschiedenis.org/schrijvers/alijt-bake";"https://web.archive.org/web/20220325132940/https://www.literatuurgeschiedenis.org/schrijvers/alijt-bake"
"https://www.literatuurgeschiedenis.org/schrijvers/andreas-burnier";"https://web.archive.org/web/20220325132511/https://www.literatuurgeschiedenis.org/schrijvers/andreas-burnier"
"https://www.literatuurgeschiedenis.org/schrijvers/anna-blaman";"https://web.archive.org/web/20220325133023/https://www.literatuurgeschiedenis.org/schrijvers/anna-blaman"
"https://www.literatuurgeschiedenis.org/schrijvers/anna-maria-van-schurman";"https://web.archive.org/web/20220325130445/https://www.literatuurgeschiedenis.org/schrijvers/anna-maria-van-schurman"
"https://www.literatuurgeschiedenis.org/schrijvers/anna-visscher";"https://web.archive.org/web/20220325130530/https://www.literatuurgeschiedenis.org/schrijvers/anna-visscher"
"https://www.literatuurgeschiedenis.org/schrijvers/annie-mg-schmidt";"https://web.archive.org/web/20220325132437/https://www.literatuurgeschiedenis.org/schrijvers/annie-mg-schmidt"
"https://www.literatuurgeschiedenis.org/schrijvers/anthonis-de-roovere";"https://web.archive.org/web/20220325132354/https://www.literatuurgeschiedenis.org/schrijvers/anthonis-de-roovere"
"https://www.literatuurgeschiedenis.org/schrijvers/arend-fokke-simonsz";"https://web.archive.org/web/20220325131816/https://www.literatuurgeschiedenis.org/schrijvers/arend-fokke-simonsz"
"https://www.literatuurgeschiedenis.org/schrijvers/arnold-hoogvliet";"https://web.archive.org/web/20220325131912/https://www.literatuurgeschiedenis.org/schrijvers/arnold-hoogvliet"
"https://www.literatuurgeschiedenis.org/schrijvers/arnon-grunberg";"https://web.archive.org/web/20220325130814/https://www.literatuurgeschiedenis.org/schrijvers/arnon-grunberg"
"https://www.literatuurgeschiedenis.org/schrijvers/astrid-h-roemer";"https://web.archive.org/web/20220325132925/https://www.literatuurgeschiedenis.org/schrijvers/astrid-h-roemer"
"https://www.literatuurgeschiedenis.org/schrijvers/barbara-ogier";"https://web.archive.org/web/20220325130250/https://www.literatuurgeschiedenis.org/schrijvers/barbara-ogier"
"https://www.literatuurgeschiedenis.org/schrijvers/bea-vianen";"https://web.archive.org/web/20220325132423/https://www.literatuurgeschiedenis.org/schrijvers/bea-vianen"
"https://www.literatuurgeschiedenis.org/schrijvers/belle-van-zuylen";"https://web.archive.org/web/20220325132339/https://www.literatuurgeschiedenis.org/schrijvers/belle-van-zuylen"
"https://www.literatuurgeschiedenis.org/schrijvers/bidloo-en-bidloo";"https://web.archive.org/web/20220325125702/https://www.literatuurgeschiedenis.org/schrijvers/bidloo-en-bidloo"
"https://www.literatuurgeschiedenis.org/schrijvers/blanka-gyselen";"https://web.archive.org/web/20220325132827/https://www.literatuurgeschiedenis.org/schrijvers/blanka-gyselen"
"https://www.literatuurgeschiedenis.org/schrijvers/catharina-questiers-en-cornelia-van-der-veer";"https://web.archive.org/web/20220325130409/https://www.literatuurgeschiedenis.org/schrijvers/catharina-questiers-en-cornelia-van-der-veer"
"https://www.literatuurgeschiedenis.org/schrijvers/cees-nooteboom";"https://web.archive.org/web/20220325131018/https://www.literatuurgeschiedenis.org/schrijvers/cees-nooteboom"
"https://www.literatuurgeschiedenis.org/schrijvers/charlotte-mutsaers";"https://web.archive.org/web/20220325132954/https://www.literatuurgeschiedenis.org/schrijvers/charlotte-mutsaers"
"https://www.literatuurgeschiedenis.org/schrijvers/conrad-busken-huet";"https://web.archive.org/web/20220325131204/https://www.literatuurgeschiedenis.org/schrijvers/conrad-busken-huet"
"https://www.literatuurgeschiedenis.org/schrijvers/constantijn-huygens";"https://web.archive.org/web/20220325130012/https://www.literatuurgeschiedenis.org/schrijvers/constantijn-huygens"
"https://www.literatuurgeschiedenis.org/schrijvers/cornelius-martinus-spanoghe";"https://web.archive.org/web/20220325132211/https://www.literatuurgeschiedenis.org/schrijvers/cornelius-martinus-spanoghe"
"https://www.literatuurgeschiedenis.org/schrijvers/cynthia-mc-leod";"https://web.archive.org/web/20220325133137/https://www.literatuurgeschiedenis.org/schrijvers/cynthia-mc-leod"
"https://www.literatuurgeschiedenis.org/schrijvers/de-schoolmeester-gerrit-van-de-linde";"https://web.archive.org/web/20220325131642/https://www.literatuurgeschiedenis.org/schrijvers/de-schoolmeester-gerrit-van-de-linde"
"https://www.literatuurgeschiedenis.org/schrijvers/dirck-volckertsz-coornhert";"https://web.archive.org/web/20220325132408/https://www.literatuurgeschiedenis.org/schrijvers/dirck-volckertsz-coornhert"
"https://www.literatuurgeschiedenis.org/schrijvers/dirk-rafaelszoon-camphuysen";"https://web.archive.org/web/20220325125823/https://www.literatuurgeschiedenis.org/schrijvers/dirk-rafaelszoon-camphuysen"
"https://www.literatuurgeschiedenis.org/schrijvers/dirk-van-bastelaere";"https://web.archive.org/web/20220325132757/https://www.literatuurgeschiedenis.org/schrijvers/dirk-van-bastelaere"
"https://www.literatuurgeschiedenis.org/schrijvers/edgar-cairo";"https://web.archive.org/web/20220325133037/https://www.literatuurgeschiedenis.org/schrijvers/edgar-cairo"
"https://www.literatuurgeschiedenis.org/schrijvers/eleonora-carboniers";"https://web.archive.org/web/20220325132457/https://www.literatuurgeschiedenis.org/schrijvers/eleonora-carboniers"
"https://www.literatuurgeschiedenis.org/schrijvers/elisabeth-eybers";"https://web.archive.org/web/20220325130753/https://www.literatuurgeschiedenis.org/schrijvers/elisabeth-eybers"
"https://www.literatuurgeschiedenis.org/schrijvers/elisabeth-maria-post";"https://web.archive.org/web/20220325132140/https://www.literatuurgeschiedenis.org/schrijvers/elisabeth-maria-post"
"https://www.literatuurgeschiedenis.org/schrijvers/everhardus-johannes-potgieter";"https://web.archive.org/web/20220325131618/https://www.literatuurgeschiedenis.org/schrijvers/everhardus-johannes-potgieter"
"https://www.literatuurgeschiedenis.org/schrijvers/ferdinand-bordewijk";"https://web.archive.org/web/20220325130718/https://www.literatuurgeschiedenis.org/schrijvers/ferdinand-bordewijk"
"https://www.literatuurgeschiedenis.org/schrijvers/franciscus-lievens-kersteman";"https://web.archive.org/web/20220325131942/https://www.literatuurgeschiedenis.org/schrijvers/franciscus-lievens-kersteman"
"https://www.literatuurgeschiedenis.org/schrijvers/francis-de-la-fontaine";"https://web.archive.org/web/20220325131829/https://www.literatuurgeschiedenis.org/schrijvers/francis-de-la-fontaine"
"https://www.literatuurgeschiedenis.org/schrijvers/francois-haverschmidt-piet-paaltjens";"https://web.archive.org/web/20220325131437/https://www.literatuurgeschiedenis.org/schrijvers/francois-haverschmidt-piet-paaltjens"
"https://www.literatuurgeschiedenis.org/schrijvers/frederik-van-eeden";"https://web.archive.org/web/20220325131317/https://www.literatuurgeschiedenis.org/schrijvers/frederik-van-eeden"
"https://www.literatuurgeschiedenis.org/schrijvers/gerard-reve";"https://web.archive.org/web/20220325131034/https://www.literatuurgeschiedenis.org/schrijvers/gerard-reve"
"https://www.literatuurgeschiedenis.org/schrijvers/gerbrand-adriaanszoon-bredero";"https://web.archive.org/web/20220325125732/https://www.literatuurgeschiedenis.org/schrijvers/gerbrand-adriaanszoon-bredero"
"https://www.literatuurgeschiedenis.org/schrijvers/gerrit-komrij";"https://web.archive.org/web/20220325130844/https://www.literatuurgeschiedenis.org/schrijvers/gerrit-komrij"
"https://www.literatuurgeschiedenis.org/schrijvers/gerrit-kouwenaar";"https://web.archive.org/web/20220325130858/https://www.literatuurgeschiedenis.org/schrijvers/gerrit-kouwenaar"
"https://www.literatuurgeschiedenis.org/schrijvers/gerrit-paape";"https://web.archive.org/web/20220325132112/https://www.literatuurgeschiedenis.org/schrijvers/gerrit-paape"
"https://www.literatuurgeschiedenis.org/schrijvers/guido-gezelle";"https://web.archive.org/web/20220325131402/https://www.literatuurgeschiedenis.org/schrijvers/guido-gezelle"
"https://www.literatuurgeschiedenis.org/schrijvers/guilliam-van-nieuwelandt";"https://web.archive.org/web/20220325130235/https://www.literatuurgeschiedenis.org/schrijvers/guilliam-van-nieuwelandt"
"https://www.literatuurgeschiedenis.org/schrijvers/hadewijch";"https://web.archive.org/web/20220325133123/https://www.literatuurgeschiedenis.org/schrijvers/hadewijch"
"https://www.literatuurgeschiedenis.org/schrijvers/hafid-bouazza";"https://web.archive.org/web/20220325130656/https://www.literatuurgeschiedenis.org/schrijvers/hafid-bouazza"
"https://www.literatuurgeschiedenis.org/schrijvers/hanna-bervoets";"https://web.archive.org/web/20220325132855/https://www.literatuurgeschiedenis.org/schrijvers/hanna-bervoets"
"https://www.literatuurgeschiedenis.org/schrijvers/hans-lodeizen";"https://web.archive.org/web/20220325130928/https://www.literatuurgeschiedenis.org/schrijvers/hans-lodeizen"
"https://www.literatuurgeschiedenis.org/schrijvers/harry-mulisch";"https://web.archive.org/web/20220325130957/https://www.literatuurgeschiedenis.org/schrijvers/harry-mulisch"
"https://www.literatuurgeschiedenis.org/schrijvers/heinsius-barlaeus-vossius";"https://web.archive.org/web/20220325125943/https://www.literatuurgeschiedenis.org/schrijvers/heinsius-barlaeus-vossius"
"https://www.literatuurgeschiedenis.org/schrijvers/hendrik-conscience";"https://web.archive.org/web/20210827084910/https://www.literatuurgeschiedenis.org/schrijvers/hendrik-conscience"
"https://www.literatuurgeschiedenis.org/schrijvers/hendrik-doedijns";"https://web.archive.org/web/20220325131731/https://www.literatuurgeschiedenis.org/schrijvers/hendrik-doedijns"
"https://www.literatuurgeschiedenis.org/schrijvers/hendrik-tollens";"https://web.archive.org/web/20220325164127/https://www.literatuurgeschiedenis.org/schrijvers/hendrik-tollens"
"https://www.literatuurgeschiedenis.org/schrijvers/hendrik-van-veldeke";"https://web.archive.org/web/20220325132728/https://www.literatuurgeschiedenis.org/schrijvers/hendrik-van-veldeke"
"https://www.literatuurgeschiedenis.org/schrijvers/herman-gorter";"https://web.archive.org/web/20220325131417/https://www.literatuurgeschiedenis.org/schrijvers/herman-gorter"
"https://www.literatuurgeschiedenis.org/schrijvers/herman-heijermans";"https://web.archive.org/web/20220325131458/https://www.literatuurgeschiedenis.org/schrijvers/herman-heijermans"
"https://www.literatuurgeschiedenis.org/schrijvers/hubert-kornelisz-poot";"https://web.archive.org/web/20220325132126/https://www.literatuurgeschiedenis.org/schrijvers/hubert-kornelisz-poot"
"https://www.literatuurgeschiedenis.org/schrijvers/hugo-de-groot";"https://web.archive.org/web/20220325125923/https://www.literatuurgeschiedenis.org/schrijvers/hugo-de-groot"
"https://www.literatuurgeschiedenis.org/schrijvers/ida-simons";"https://web.archive.org/web/20220325133054/https://www.literatuurgeschiedenis.org/schrijvers/ida-simons"
"https://www.literatuurgeschiedenis.org/schrijvers/isabella-de-moerloose";"https://web.archive.org/web/20220325130220/https://www.literatuurgeschiedenis.org/schrijvers/isabella-de-moerloose"
"https://www.literatuurgeschiedenis.org/schrijvers/jacob-campo-weyerman";"https://web.archive.org/web/20220325132240/https://www.literatuurgeschiedenis.org/schrijvers/jacob-campo-weyerman"
"https://www.literatuurgeschiedenis.org/schrijvers/jacob-cats-en-adriaen-poirters";"https://web.archive.org/web/20220325125837/https://www.literatuurgeschiedenis.org/schrijvers/jacob-cats-en-adriaen-poirters"
"https://www.literatuurgeschiedenis.org/schrijvers/jacob-haafner";"https://web.archive.org/web/20220325131858/https://www.literatuurgeschiedenis.org/schrijvers/jacob-haafner"
"https://www.literatuurgeschiedenis.org/schrijvers/jacob-jan-cremer";"https://web.archive.org/web/20220325131248/https://www.literatuurgeschiedenis.org/schrijvers/jacob-jan-cremer"
"https://www.literatuurgeschiedenis.org/schrijvers/jacob-revius";"https://web.archive.org/web/20220325130430/https://www.literatuurgeschiedenis.org/schrijvers/jacob-revius"
"https://www.literatuurgeschiedenis.org/schrijvers/jacob-steendam";"https://web.archive.org/web/20220325130515/https://www.literatuurgeschiedenis.org/schrijvers/jacob-steendam"
"https://www.literatuurgeschiedenis.org/schrijvers/jacobus-bellamy";"https://web.archive.org/web/20220325131718/https://www.literatuurgeschiedenis.org/schrijvers/jacobus-bellamy"
"https://www.literatuurgeschiedenis.org/schrijvers/jacob-van-lennep";"https://web.archive.org/web/20220325131548/https://www.literatuurgeschiedenis.org/schrijvers/jacob-van-lennep"
"https://www.literatuurgeschiedenis.org/schrijvers/jacob-van-maerlant";"https://web.archive.org/web/20220325132743/https://www.literatuurgeschiedenis.org/schrijvers/jacob-van-maerlant"
"https://www.literatuurgeschiedenis.org/schrijvers/jacob-westerbaen";"https://web.archive.org/web/20220325130621/https://www.literatuurgeschiedenis.org/schrijvers/jacob-westerbaen"
"https://www.literatuurgeschiedenis.org/schrijvers/jan-baptist-stalpart-van-der-wiele";"https://web.archive.org/web/20220325130500/https://www.literatuurgeschiedenis.org/schrijvers/jan-baptist-stalpart-van-der-wiele"
"https://www.literatuurgeschiedenis.org/schrijvers/jan-luyken";"https://web.archive.org/web/20220325130205/https://www.literatuurgeschiedenis.org/schrijvers/jan-luyken"
"https://www.literatuurgeschiedenis.org/schrijvers/jan-verlooy";"https://web.archive.org/web/20220325132228/https://www.literatuurgeschiedenis.org/schrijvers/jan-verlooy"
"https://www.literatuurgeschiedenis.org/schrijvers/jan-vos";"https://web.archive.org/web/20220325130606/https://www.literatuurgeschiedenis.org/schrijvers/jan-vos"
"https://www.literatuurgeschiedenis.org/schrijvers/jan-wolkers";"https://web.archive.org/web/20220325131049/https://www.literatuurgeschiedenis.org/schrijvers/jan-wolkers"
"https://www.literatuurgeschiedenis.org/schrijvers/jh-leopold";"https://web.archive.org/web/20220325130912/https://www.literatuurgeschiedenis.org/schrijvers/jh-leopold"
"https://www.literatuurgeschiedenis.org/schrijvers/jodocus-van-lodenstein";"https://web.archive.org/web/20220325130150/https://www.literatuurgeschiedenis.org/schrijvers/jodocus-van-lodenstein"
"https://www.literatuurgeschiedenis.org/schrijvers/johannes-kinker";"https://web.archive.org/web/20220325131957/https://www.literatuurgeschiedenis.org/schrijvers/johannes-kinker"
"https://www.literatuurgeschiedenis.org/schrijvers/johannes-kneppelhout";"https://web.archive.org/web/20220325131528/https://www.literatuurgeschiedenis.org/schrijvers/johannes-kneppelhout"
"https://www.literatuurgeschiedenis.org/schrijvers/joost-van-den-vondel";"https://web.archive.org/web/20220325132708/https://www.literatuurgeschiedenis.org/schrijvers/joost-van-den-vondel"
"https://www.literatuurgeschiedenis.org/schrijvers/jozef-de-wolf";"https://web.archive.org/web/20220325132308/https://www.literatuurgeschiedenis.org/schrijvers/jozef-de-wolf"
"https://www.literatuurgeschiedenis.org/schrijvers/juliana-cornelia-de-lannoy";"https://web.archive.org/web/20220325132027/https://www.literatuurgeschiedenis.org/schrijvers/juliana-cornelia-de-lannoy"
"https://www.literatuurgeschiedenis.org/schrijvers/justus-de-harduwijn";"https://web.archive.org/web/20220325132638/https://www.literatuurgeschiedenis.org/schrijvers/justus-de-harduwijn"
"https://www.literatuurgeschiedenis.org/schrijvers/justus-van-effen";"https://web.archive.org/web/20220325131745/https://www.literatuurgeschiedenis.org/schrijvers/justus-van-effen"
"https://www.literatuurgeschiedenis.org/schrijvers/kader-abdolah";"https://web.archive.org/web/20220325132910/https://www.literatuurgeschiedenis.org/schrijvers/kader-abdolah"
"https://www.literatuurgeschiedenis.org/schrijvers/karel-lodewijk-ledeganck";"https://web.archive.org/web/20220325133236/https://www.literatuurgeschiedenis.org/schrijvers/karel-lodewijk-ledeganck"
"https://www.literatuurgeschiedenis.org/schrijvers/karel-van-mander";"https://web.archive.org/web/20220325132555/https://www.literatuurgeschiedenis.org/schrijvers/karel-van-mander"
"https://www.literatuurgeschiedenis.org/schrijvers/katharina-boudewyns";"https://web.archive.org/web/20220325125718/https://www.literatuurgeschiedenis.org/schrijvers/katharina-boudewyns"
"https://www.literatuurgeschiedenis.org/schrijvers/katharina-lescailje";"https://web.archive.org/web/20220325130135/https://www.literatuurgeschiedenis.org/schrijvers/katharina-lescailje"
"https://www.literatuurgeschiedenis.org/schrijvers/kristien-hemmerechts";"https://web.archive.org/web/20220325133152/https://www.literatuurgeschiedenis.org/schrijvers/kristien-hemmerechts"
"https://www.literatuurgeschiedenis.org/schrijvers/lodewijk-van-deyssel-karel-joan-lodewijk-alberdingk-thijm";"https://web.archive.org/web/20220325131302/https://www.literatuurgeschiedenis.org/schrijvers/lodewijk-van-deyssel-karel-joan-lodewijk-alberdingk-thijm"
"https://www.literatuurgeschiedenis.org/schrijvers/louis-couperus";"https://web.archive.org/web/20220325131233/https://www.literatuurgeschiedenis.org/schrijvers/louis-couperus"
"https://www.literatuurgeschiedenis.org/schrijvers/louis-paul-boon";"https://web.archive.org/web/20220325130636/https://www.literatuurgeschiedenis.org/schrijvers/louis-paul-boon"
"https://www.literatuurgeschiedenis.org/schrijvers/lucebert";"https://web.archive.org/web/20220325130942/https://www.literatuurgeschiedenis.org/schrijvers/lucebert"
"https://www.literatuurgeschiedenis.org/schrijvers/lucretia-wilhelmina-van-merken";"https://web.archive.org/web/20220325132042/https://www.literatuurgeschiedenis.org/schrijvers/lucretia-wilhelmina-van-merken"
"https://www.literatuurgeschiedenis.org/schrijvers/marcellus-emants";"https://web.archive.org/web/20220325131332/https://www.literatuurgeschiedenis.org/schrijvers/marcellus-emants"
"https://www.literatuurgeschiedenis.org/schrijvers/marga-minco";"https://web.archive.org/web/20220325132812/https://www.literatuurgeschiedenis.org/schrijvers/marga-minco"
"https://www.literatuurgeschiedenis.org/schrijvers/maria-dermout";"https://web.archive.org/web/20220325130738/https://www.literatuurgeschiedenis.org/schrijvers/maria-dermout"
"https://www.literatuurgeschiedenis.org/schrijvers/maria-tesselschade-roemersdochter-visscher";"https://web.archive.org/web/20220325132655/https://www.literatuurgeschiedenis.org/schrijvers/maria-tesselschade-roemersdochter-visscher"
"https://www.literatuurgeschiedenis.org/schrijvers/mary-dorna";"https://web.archive.org/web/20220325133221/https://www.literatuurgeschiedenis.org/schrijvers/mary-dorna"
"https://www.literatuurgeschiedenis.org/schrijvers/multatuli-eduard-douwes-dekker";"https://web.archive.org/web/20220325131604/https://www.literatuurgeschiedenis.org/schrijvers/multatuli-eduard-douwes-dekker"
"https://www.literatuurgeschiedenis.org/schrijvers/nicolaas-beets-hildebrand";"https://web.archive.org/web/20220325131103/https://www.literatuurgeschiedenis.org/schrijvers/nicolaas-beets-hildebrand"
"https://www.literatuurgeschiedenis.org/schrijvers/nicolaas-heinsius-jr";"https://web.archive.org/web/20220325125957/https://www.literatuurgeschiedenis.org/schrijvers/nicolaas-heinsius-jr"
"https://www.literatuurgeschiedenis.org/schrijvers/otto-hoffham";"https://web.archive.org/web/20220325131927/https://www.literatuurgeschiedenis.org/schrijvers/otto-hoffham"
"https://www.literatuurgeschiedenis.org/schrijvers/pa-de-genestet";"https://web.archive.org/web/20220325131347/https://www.literatuurgeschiedenis.org/schrijvers/pa-de-genestet"
"https://www.literatuurgeschiedenis.org/schrijvers/peter-terrin";"https://web.archive.org/web/20220325164158/https://www.literatuurgeschiedenis.org/schrijvers/peter-terrin"
"https://www.literatuurgeschiedenis.org/schrijvers/petronella-keysers";"https://web.archive.org/web/20220325130033/https://www.literatuurgeschiedenis.org/schrijvers/petronella-keysers"
"https://www.literatuurgeschiedenis.org/schrijvers/petronella-moens";"https://web.archive.org/web/20220325132056/https://www.literatuurgeschiedenis.org/schrijvers/petronella-moens"
"https://www.literatuurgeschiedenis.org/schrijvers/pieter-corneliszoon-hooft";"https://web.archive.org/web/20220325132610/https://www.literatuurgeschiedenis.org/schrijvers/pieter-corneliszoon-hooft"
"https://www.literatuurgeschiedenis.org/schrijvers/pieter-langendijk";"https://web.archive.org/web/20220325132012/https://www.literatuurgeschiedenis.org/schrijvers/pieter-langendijk"
"https://www.literatuurgeschiedenis.org/schrijvers/pieter-rabus";"https://web.archive.org/web/20220325132155/https://www.literatuurgeschiedenis.org/schrijvers/pieter-rabus"
"https://www.literatuurgeschiedenis.org/schrijvers/pieter-van-woensel";"https://web.archive.org/web/20220325132254/https://www.literatuurgeschiedenis.org/schrijvers/pieter-van-woensel"
"https://www.literatuurgeschiedenis.org/schrijvers/prudens-van-duyse";"https://web.archive.org/web/20220325133207/https://www.literatuurgeschiedenis.org/schrijvers/prudens-van-duyse"
"https://www.literatuurgeschiedenis.org/schrijvers/rhijnvis-feith";"https://web.archive.org/web/20220325164142/https://www.literatuurgeschiedenis.org/schrijvers/rhijnvis-feith"
"https://www.literatuurgeschiedenis.org/schrijvers/rijklof-michael-van-goens";"https://web.archive.org/web/20220325131844/https://www.literatuurgeschiedenis.org/schrijvers/rijklof-michael-van-goens"
"https://www.literatuurgeschiedenis.org/schrijvers/roemer-visscher";"https://web.archive.org/web/20220325130550/https://www.literatuurgeschiedenis.org/schrijvers/roemer-visscher"
"https://www.literatuurgeschiedenis.org/schrijvers/sibylle-van-griethuysen";"https://web.archive.org/web/20220325125908/https://www.literatuurgeschiedenis.org/schrijvers/sibylle-van-griethuysen"
"https://www.literatuurgeschiedenis.org/schrijvers/thomas-asselijn";"https://web.archive.org/web/20220325125648/https://www.literatuurgeschiedenis.org/schrijvers/thomas-asselijn"
"https://www.literatuurgeschiedenis.org/schrijvers/titia-brongersma";"https://web.archive.org/web/20220325125809/https://www.literatuurgeschiedenis.org/schrijvers/titia-brongersma"
"https://www.literatuurgeschiedenis.org/schrijvers/tonke-dragt";"https://web.archive.org/web/20220325133108/https://www.literatuurgeschiedenis.org/schrijvers/tonke-dragt"
"https://www.literatuurgeschiedenis.org/schrijvers/virginie-en-rosalie-loveling";"https://web.archive.org/web/20220325132841/https://www.literatuurgeschiedenis.org/schrijvers/virginie-en-rosalie-loveling"
"https://www.literatuurgeschiedenis.org/schrijvers/willem-bilderdijk";"https://web.archive.org/web/20220325131118/https://www.literatuurgeschiedenis.org/schrijvers/willem-bilderdijk"
"https://www.literatuurgeschiedenis.org/schrijvers/willem-elsschot";"https://web.archive.org/web/20220325133009/https://www.literatuurgeschiedenis.org/schrijvers/willem-elsschot"
"https://www.literatuurgeschiedenis.org/schrijvers/willem-frederik-hermans";"https://web.archive.org/web/20220325130829/https://www.literatuurgeschiedenis.org/schrijvers/willem-frederik-hermans"
"https://www.literatuurgeschiedenis.org/schrijvers/willem-godschalck-van-focquenbroch";"https://web.archive.org/web/20220325125853/https://www.literatuurgeschiedenis.org/schrijvers/willem-godschalck-van-focquenbroch"
"https://www.literatuurgeschiedenis.org/schrijvers/willem-kloos";"https://web.archive.org/web/20220325131512/https://www.literatuurgeschiedenis.org/schrijvers/willem-kloos"
"https://www.literatuurgeschiedenis.org/schrijvers/willem-ogier";"https://web.archive.org/web/20220325130356/https://www.literatuurgeschiedenis.org/schrijvers/willem-ogier"
"https://www.literatuurgeschiedenis.org/schrijvers/wolff-en-deken";"https://web.archive.org/web/20220325132325/https://www.literatuurgeschiedenis.org/schrijvers/wolff-en-deken"
"https://www.literatuurgeschiedenis.org/stromingen";"https://web.archive.org/web/20220325125449/https://www.literatuurgeschiedenis.org/stromingen"
"https://www.literatuurgeschiedenis.org/stromingen/de-verlichting-1660-1800";"https://web.archive.org/web/20220325133714/https://www.literatuurgeschiedenis.org/stromingen/de-verlichting-1660-1800"
"https://www.literatuurgeschiedenis.org/stromingen/domineepoezie-1840-1880";"https://web.archive.org/web/20220325133540/https://www.literatuurgeschiedenis.org/stromingen/domineepoezie-1840-1880"
"https://www.literatuurgeschiedenis.org/stromingen/historische-avant-garde-1916-1940";"https://web.archive.org/web/20220325133525/https://www.literatuurgeschiedenis.org/stromingen/historische-avant-garde-1916-1940"
"https://www.literatuurgeschiedenis.org/stromingen/modernisme-1910-1940";"https://web.archive.org/web/20220325133700/https://www.literatuurgeschiedenis.org/stromingen/modernisme-1910-1940"
"https://www.literatuurgeschiedenis.org/stromingen/naoorlogs-proza-1945-1960";"https://web.archive.org/web/20220325164211/https://www.literatuurgeschiedenis.org/stromingen/naoorlogs-proza-1945-1960"
"https://www.literatuurgeschiedenis.org/stromingen/naturalisme-1880-1910";"https://web.archive.org/web/20220325133423/https://www.literatuurgeschiedenis.org/stromingen/naturalisme-1880-1910"
"https://www.literatuurgeschiedenis.org/stromingen/postmodernisme-1960-2000";"https://web.archive.org/web/20220325133648/https://www.literatuurgeschiedenis.org/stromingen/postmodernisme-1960-2000"
"https://www.literatuurgeschiedenis.org/stromingen/realisme-1840-1880";"https://web.archive.org/web/20220325133510/https://www.literatuurgeschiedenis.org/stromingen/realisme-1840-1880"
"https://www.literatuurgeschiedenis.org/stromingen/rederijkers-1450-1650";"https://web.archive.org/web/20220325133457/https://www.literatuurgeschiedenis.org/stromingen/rederijkers-1450-1650"
"https://www.literatuurgeschiedenis.org/stromingen/romantiek";"https://web.archive.org/web/20220325133813/https://www.literatuurgeschiedenis.org/stromingen/romantiek"
"https://www.literatuurgeschiedenis.org/stromingen/symbolisme-1890-1919";"https://web.archive.org/web/20220325133610/https://www.literatuurgeschiedenis.org/stromingen/symbolisme-1890-1919"
"https://www.literatuurgeschiedenis.org/stromingen/tachtigers-1880-1894";"https://web.archive.org/web/20220325133555/https://www.literatuurgeschiedenis.org/stromingen/tachtigers-1880-1894"
"https://www.literatuurgeschiedenis.org/stromingen/vijftigers-1949-1955";"https://web.archive.org/web/20220325133624/https://www.literatuurgeschiedenis.org/stromingen/vijftigers-1949-1955"
"https://www.literatuurgeschiedenis.org/teksten";"https://web.archive.org/web/20220325125350/https://www.literatuurgeschiedenis.org/teksten"
"https://www.literatuurgeschiedenis.org/teksten/aan-het-volk-van-nederland";"https://web.archive.org/web/20220325141521/https://www.literatuurgeschiedenis.org/teksten/aan-het-volk-van-nederland"
"https://www.literatuurgeschiedenis.org/teksten/abele-spelen";"https://web.archive.org/web/20220325141623/https://www.literatuurgeschiedenis.org/teksten/abele-spelen"
"https://www.literatuurgeschiedenis.org/teksten/alexanders-geesten";"https://web.archive.org/web/20220325133828/https://www.literatuurgeschiedenis.org/teksten/alexanders-geesten"
"https://www.literatuurgeschiedenis.org/teksten/alle-vlees";"https://web.archive.org/web/20220325135048/https://www.literatuurgeschiedenis.org/teksten/alle-vlees"
"https://www.literatuurgeschiedenis.org/teksten/antwerps-liedboek";"https://web.archive.org/web/20220325141937/https://www.literatuurgeschiedenis.org/teksten/antwerps-liedboek"
"https://www.literatuurgeschiedenis.org/teksten/basiorum-liber-het-boek-over-kussen";"https://web.archive.org/web/20220325133912/https://www.literatuurgeschiedenis.org/teksten/basiorum-liber-het-boek-over-kussen"
"https://www.literatuurgeschiedenis.org/teksten/beatrijs";"https://web.archive.org/web/20220325140249/https://www.literatuurgeschiedenis.org/teksten/beatrijs"
"https://www.literatuurgeschiedenis.org/teksten/beschryvinge-van-het-magtig-koningryk-krinke-kesmes";"https://web.archive.org/web/20220325140003/https://www.literatuurgeschiedenis.org/teksten/beschryvinge-van-het-magtig-koningryk-krinke-kesmes"
"https://www.literatuurgeschiedenis.org/teksten/buiten-het-gareel";"https://web.archive.org/web/20220325141821/https://www.literatuurgeschiedenis.org/teksten/buiten-het-gareel"
"https://www.literatuurgeschiedenis.org/teksten/burggravin-van-vergi";"https://web.archive.org/web/20220325140303/https://www.literatuurgeschiedenis.org/teksten/burggravin-van-vergi"
"https://www.literatuurgeschiedenis.org/teksten/camera-obscura";"https://web.archive.org/web/20220325135607/https://www.literatuurgeschiedenis.org/teksten/camera-obscura"
"https://www.literatuurgeschiedenis.org/teksten/de-achttien-dooden";"https://web.archive.org/web/20220325141015/https://www.literatuurgeschiedenis.org/teksten/de-achttien-dooden"
"https://www.literatuurgeschiedenis.org/teksten/de-consequenties";"https://web.archive.org/web/20220325142007/https://www.literatuurgeschiedenis.org/teksten/de-consequenties"
"https://www.literatuurgeschiedenis.org/teksten/dedele-sandastra-of-cyprische-medea";"https://web.archive.org/web/20220325133943/https://www.literatuurgeschiedenis.org/teksten/dedele-sandastra-of-cyprische-medea"
"https://www.literatuurgeschiedenis.org/teksten/de-donkere-kamer-van-damokles";"https://web.archive.org/web/20220325134841/https://www.literatuurgeschiedenis.org/teksten/de-donkere-kamer-van-damokles"
"https://www.literatuurgeschiedenis.org/teksten/de-doorluchtige-daden-van-jan-stront";"https://web.archive.org/web/20220325133927/https://www.literatuurgeschiedenis.org/teksten/de-doorluchtige-daden-van-jan-stront"
"https://www.literatuurgeschiedenis.org/teksten/de-feesten-van-angst-en-pijn";"https://web.archive.org/web/20220325134631/https://www.literatuurgeschiedenis.org/teksten/de-feesten-van-angst-en-pijn"
"https://www.literatuurgeschiedenis.org/teksten/de-historie-van-mejuffrouw-sara-burgerhart";"https://web.archive.org/web/20220325140018/https://www.literatuurgeschiedenis.org/teksten/de-historie-van-mejuffrouw-sara-burgerhart"
"https://www.literatuurgeschiedenis.org/teksten/de-hollandsche-natie";"https://web.archive.org/web/20220325140944/https://www.literatuurgeschiedenis.org/teksten/de-hollandsche-natie"
"https://www.literatuurgeschiedenis.org/teksten/de-indische-kamer";"https://web.archive.org/web/20220325135552/https://www.literatuurgeschiedenis.org/teksten/de-indische-kamer"
"https://www.literatuurgeschiedenis.org/teksten/de-kellner-en-de-levenden";"https://web.archive.org/web/20220325134812/https://www.literatuurgeschiedenis.org/teksten/de-kellner-en-de-levenden"
"https://www.literatuurgeschiedenis.org/teksten/de-kleine-grandisson";"https://web.archive.org/web/20220325140039/https://www.literatuurgeschiedenis.org/teksten/de-kleine-grandisson"
"https://www.literatuurgeschiedenis.org/teksten/de-leeuw-van-vlaenderen-of-de-slag-der-gulden-sporen";"https://web.archive.org/web/20220325135622/https://www.literatuurgeschiedenis.org/teksten/de-leeuw-van-vlaenderen-of-de-slag-der-gulden-sporen"
"https://www.literatuurgeschiedenis.org/teksten/de-lotgevallen-van-ferdinand-huyck";"https://web.archive.org/web/20220325135637/https://www.literatuurgeschiedenis.org/teksten/de-lotgevallen-van-ferdinand-huyck"
"https://www.literatuurgeschiedenis.org/teksten/der-naturen-bloeme";"https://web.archive.org/web/20220325140318/https://www.literatuurgeschiedenis.org/teksten/der-naturen-bloeme"
"https://www.literatuurgeschiedenis.org/teksten/de-stille-plantage";"https://web.archive.org/web/20220325134646/https://www.literatuurgeschiedenis.org/teksten/de-stille-plantage"
"https://www.literatuurgeschiedenis.org/teksten/de-tienduizend-dingen";"https://web.archive.org/web/20220325134827/https://www.literatuurgeschiedenis.org/teksten/de-tienduizend-dingen"
"https://www.literatuurgeschiedenis.org/teksten/de-verheerlyckte-schoenlappers-of-de-gecroonde-leerse";"https://web.archive.org/web/20220325141402/https://www.literatuurgeschiedenis.org/teksten/de-verheerlyckte-schoenlappers-of-de-gecroonde-leerse"
"https://www.literatuurgeschiedenis.org/teksten/de-vermaledijde-vaders";"https://web.archive.org/web/20220325141637/https://www.literatuurgeschiedenis.org/teksten/de-vermaledijde-vaders"
"https://www.literatuurgeschiedenis.org/teksten/de-wijze-koopman";"https://web.archive.org/web/20220325141029/https://www.literatuurgeschiedenis.org/teksten/de-wijze-koopman"
"https://www.literatuurgeschiedenis.org/teksten/de-zwarte-haan";"https://web.archive.org/web/20220325141059/https://www.literatuurgeschiedenis.org/teksten/de-zwarte-haan"
"https://www.literatuurgeschiedenis.org/teksten/dichtertje-de-uitvreter-titaantjes";"https://web.archive.org/web/20220325134556/https://www.literatuurgeschiedenis.org/teksten/dichtertje-de-uitvreter-titaantjes"
"https://www.literatuurgeschiedenis.org/teksten/dubbelspel";"https://web.archive.org/web/20220325134939/https://www.literatuurgeschiedenis.org/teksten/dubbelspel"
"https://www.literatuurgeschiedenis.org/teksten/een-liefde";"https://web.archive.org/web/20220325135651/https://www.literatuurgeschiedenis.org/teksten/een-liefde"
"https://www.literatuurgeschiedenis.org/teksten/een-nagelaten-bekentenis";"https://web.archive.org/web/20220325135705/https://www.literatuurgeschiedenis.org/teksten/een-nagelaten-bekentenis"
"https://www.literatuurgeschiedenis.org/teksten/een-revolverschot";"https://web.archive.org/web/20220325134542/https://www.literatuurgeschiedenis.org/teksten/een-revolverschot"
"https://www.literatuurgeschiedenis.org/teksten/egidiuslied";"https://web.archive.org/web/20220325140344/https://www.literatuurgeschiedenis.org/teksten/egidiuslied"
"https://www.literatuurgeschiedenis.org/teksten/elckerlijc";"https://web.archive.org/web/20220325140401/https://www.literatuurgeschiedenis.org/teksten/elckerlijc"
"https://www.literatuurgeschiedenis.org/teksten/eline-vere-een-haagsche-roman";"https://web.archive.org/web/20220325135720/https://www.literatuurgeschiedenis.org/teksten/eline-vere-een-haagsche-roman"
"https://www.literatuurgeschiedenis.org/teksten/eva";"https://web.archive.org/web/20220325141922/https://www.literatuurgeschiedenis.org/teksten/eva"
"https://www.literatuurgeschiedenis.org/teksten/fabriekskinderen-een-bede-doch-niet-om-geld";"https://web.archive.org/web/20220325135735/https://www.literatuurgeschiedenis.org/teksten/fabriekskinderen-een-bede-doch-niet-om-geld"
"https://www.literatuurgeschiedenis.org/teksten/ferguut";"https://web.archive.org/web/20220325140415/https://www.literatuurgeschiedenis.org/teksten/ferguut"
"https://www.literatuurgeschiedenis.org/teksten/floris-ende-blancefloer";"https://web.archive.org/web/20220325140430/https://www.literatuurgeschiedenis.org/teksten/floris-ende-blancefloer"
"https://www.literatuurgeschiedenis.org/teksten/friesche-lust-hof-beplant-met-verscheyde-stichtelijcke-minne-liedekens";"https://web.archive.org/web/20220325133958/https://www.literatuurgeschiedenis.org/teksten/friesche-lust-hof-beplant-met-verscheyde-stichtelijcke-minne-liedekens"
"https://www.literatuurgeschiedenis.org/teksten/gedichten";"https://web.archive.org/web/20220325134925/https://www.literatuurgeschiedenis.org/teksten/gedichten"
"https://www.literatuurgeschiedenis.org/teksten/gedichten-van-den-schoolmeester";"https://web.archive.org/web/20220325135750/https://www.literatuurgeschiedenis.org/teksten/gedichten-van-den-schoolmeester"
"https://www.literatuurgeschiedenis.org/teksten/geeraerdt-van-velsen";"https://web.archive.org/web/20220325134014/https://www.literatuurgeschiedenis.org/teksten/geeraerdt-van-velsen"
"https://www.literatuurgeschiedenis.org/teksten/getijdenboek-van-de-meester-van-catharina-van-kleef";"https://web.archive.org/web/20220325140446/https://www.literatuurgeschiedenis.org/teksten/getijdenboek-van-de-meester-van-catharina-van-kleef"
"https://www.literatuurgeschiedenis.org/teksten/geuzenvesper-of-ziekentroost-voor-de-vierentwintig";"https://web.archive.org/web/20220325141228/https://www.literatuurgeschiedenis.org/teksten/geuzenvesper-of-ziekentroost-voor-de-vierentwintig"
"https://www.literatuurgeschiedenis.org/teksten/grafschrift-voor-peter-stuyvesant";"https://web.archive.org/web/20220325141114/https://www.literatuurgeschiedenis.org/teksten/grafschrift-voor-peter-stuyvesant"
"https://www.literatuurgeschiedenis.org/teksten/grand-hotel-europa";"https://web.archive.org/web/20220325141834/https://www.literatuurgeschiedenis.org/teksten/grand-hotel-europa"
"https://www.literatuurgeschiedenis.org/teksten/granida";"https://web.archive.org/web/20220325134107/https://www.literatuurgeschiedenis.org/teksten/granida"
"https://www.literatuurgeschiedenis.org/teksten/gysbreght-van-aemstel";"https://web.archive.org/web/20220325141200/https://www.literatuurgeschiedenis.org/teksten/gysbreght-van-aemstel"
"https://www.literatuurgeschiedenis.org/teksten/heren-van-de-thee";"https://web.archive.org/web/20220325135235/https://www.literatuurgeschiedenis.org/teksten/heren-van-de-thee"
"https://www.literatuurgeschiedenis.org/teksten/herfsttij-der-middeleeuwen";"https://web.archive.org/web/20220325134617/https://www.literatuurgeschiedenis.org/teksten/herfsttij-der-middeleeuwen"
"https://www.literatuurgeschiedenis.org/teksten/het-boschmeisje";"https://web.archive.org/web/20220325141542/https://www.literatuurgeschiedenis.org/teksten/het-boschmeisje"
"https://www.literatuurgeschiedenis.org/teksten/het-gezin-van-paemel";"https://web.archive.org/web/20220325134513/https://www.literatuurgeschiedenis.org/teksten/het-gezin-van-paemel"
"https://www.literatuurgeschiedenis.org/teksten/het-huis-lauernesse";"https://web.archive.org/web/20220325135805/https://www.literatuurgeschiedenis.org/teksten/het-huis-lauernesse"
"https://www.literatuurgeschiedenis.org/teksten/het-jongensuur";"https://web.archive.org/web/20220325141902/https://www.literatuurgeschiedenis.org/teksten/het-jongensuur"
"https://www.literatuurgeschiedenis.org/teksten/het-koddig-en-vermakelijk-leven-van-louwtje-van-zevenhuizen-of-het-schermschool-der";"https://web.archive.org/web/20220325134135/https://www.literatuurgeschiedenis.org/teksten/het-koddig-en-vermakelijk-leven-van-louwtje-van-zevenhuizen-of-het-schermschool-der"
"https://www.literatuurgeschiedenis.org/teksten/het-land-van-herkomst";"https://web.archive.org/web/20220325134722/https://www.literatuurgeschiedenis.org/teksten/het-land-van-herkomst"
"https://www.literatuurgeschiedenis.org/teksten/het-moest-maar-eens-gaan-sneeuwen";"https://web.archive.org/web/20220325135442/https://www.literatuurgeschiedenis.org/teksten/het-moest-maar-eens-gaan-sneeuwen"
"https://www.literatuurgeschiedenis.org/teksten/het-verdriet-van-belgie";"https://web.archive.org/web/20220325135104/https://www.literatuurgeschiedenis.org/teksten/het-verdriet-van-belgie"
"https://www.literatuurgeschiedenis.org/teksten/hilda-van-suylenburg";"https://web.archive.org/web/20220325164114/https://www.literatuurgeschiedenis.org/teksten/hilda-van-suylenburg"
"https://www.literatuurgeschiedenis.org/teksten/historielied-over-graaf-floris-en-gerard-van-velsen";"https://web.archive.org/web/20220325140518/https://www.literatuurgeschiedenis.org/teksten/historielied-over-graaf-floris-en-gerard-van-velsen"
"https://www.literatuurgeschiedenis.org/teksten/hofwijck";"https://web.archive.org/web/20220325141142/https://www.literatuurgeschiedenis.org/teksten/hofwijck"
"https://www.literatuurgeschiedenis.org/teksten/ijsgang";"https://web.archive.org/web/20220325135538/https://www.literatuurgeschiedenis.org/teksten/ijsgang"
"https://www.literatuurgeschiedenis.org/teksten/inleydinghe-tot-het-ontwerp-van-een-batavische-arcadia";"https://web.archive.org/web/20220325134119/https://www.literatuurgeschiedenis.org/teksten/inleydinghe-tot-het-ontwerp-van-een-batavische-arcadia"
"https://www.literatuurgeschiedenis.org/teksten/julia";"https://web.archive.org/web/20220325141652/https://www.literatuurgeschiedenis.org/teksten/julia"
"https://www.literatuurgeschiedenis.org/teksten/karel-ende-elegast";"https://web.archive.org/web/20220325140538/https://www.literatuurgeschiedenis.org/teksten/karel-ende-elegast"
"https://www.literatuurgeschiedenis.org/teksten/katechismus-der-natuur-en-kleine-katechismus-der-natuur-voor-kinderen";"https://web.archive.org/web/20220325140053/https://www.literatuurgeschiedenis.org/teksten/katechismus-der-natuur-en-kleine-katechismus-der-natuur-voor-kinderen"
"https://www.literatuurgeschiedenis.org/teksten/kinderjaren-een-novelle";"https://web.archive.org/web/20220325135036/https://www.literatuurgeschiedenis.org/teksten/kinderjaren-een-novelle"
"https://www.literatuurgeschiedenis.org/teksten/kleine-gedigten-voor-kinderen-het-lijk";"https://web.archive.org/web/20220325140201/https://www.literatuurgeschiedenis.org/teksten/kleine-gedigten-voor-kinderen-het-lijk"
"https://www.literatuurgeschiedenis.org/teksten/la-legende-et-les-aventures-heroiques-joyeuses-et-glorieuses-dulenspiegel-et-de-lamme";"https://web.archive.org/web/20220325135819/https://www.literatuurgeschiedenis.org/teksten/la-legende-et-les-aventures-heroiques-joyeuses-et-glorieuses-dulenspiegel-et-de-lamme"
"https://www.literatuurgeschiedenis.org/teksten/lanceloet-en-het-hert-met-de-witte-voet";"https://web.archive.org/web/20220325140552/https://www.literatuurgeschiedenis.org/teksten/lanceloet-en-het-hert-met-de-witte-voet"
"https://www.literatuurgeschiedenis.org/teksten/lanseloet-van-denemerken";"https://web.archive.org/web/20220325140607/https://www.literatuurgeschiedenis.org/teksten/lanseloet-van-denemerken"
"https://www.literatuurgeschiedenis.org/teksten/leekedichtjes";"https://web.archive.org/web/20220325135833/https://www.literatuurgeschiedenis.org/teksten/leekedichtjes"
"https://www.literatuurgeschiedenis.org/teksten/leven-van-liedewij-de-maagd-van-schiedam";"https://web.archive.org/web/20220325140624/https://www.literatuurgeschiedenis.org/teksten/leven-van-liedewij-de-maagd-van-schiedam"
"https://www.literatuurgeschiedenis.org/teksten/lied-van-de-twee-koningskinderen";"https://web.archive.org/web/20220325140640/https://www.literatuurgeschiedenis.org/teksten/lied-van-de-twee-koningskinderen"
"https://www.literatuurgeschiedenis.org/teksten/lied-van-heer-halewijn";"https://web.archive.org/web/20220325140709/https://www.literatuurgeschiedenis.org/teksten/lied-van-heer-halewijn"
"https://www.literatuurgeschiedenis.org/teksten/mariken-van-nieumeghen";"https://web.archive.org/web/20220325140721/https://www.literatuurgeschiedenis.org/teksten/mariken-van-nieumeghen"
"https://www.literatuurgeschiedenis.org/teksten/max-havelaar";"https://web.archive.org/web/20220325135848/https://www.literatuurgeschiedenis.org/teksten/max-havelaar"
"https://www.literatuurgeschiedenis.org/teksten/mei";"https://web.archive.org/web/20220325135902/https://www.literatuurgeschiedenis.org/teksten/mei"
"https://www.literatuurgeschiedenis.org/teksten/mejuffer-nn";"https://web.archive.org/web/20220325141213/https://www.literatuurgeschiedenis.org/teksten/mejuffer-nn"
"https://www.literatuurgeschiedenis.org/teksten/memoires-van-een-luipaard";"https://web.archive.org/web/20220325135427/https://www.literatuurgeschiedenis.org/teksten/memoires-van-een-luipaard"
"https://www.literatuurgeschiedenis.org/teksten/mijn-lief-mijn-lief-mijn-lief";"https://web.archive.org/web/20220325141318/https://www.literatuurgeschiedenis.org/teksten/mijn-lief-mijn-lief-mijn-lief"
"https://www.literatuurgeschiedenis.org/teksten/moortje";"https://web.archive.org/web/20220325134151/https://www.literatuurgeschiedenis.org/teksten/moortje"
"https://www.literatuurgeschiedenis.org/teksten/mystiek-lichaam";"https://web.archive.org/web/20220325135220/https://www.literatuurgeschiedenis.org/teksten/mystiek-lichaam"
"https://www.literatuurgeschiedenis.org/teksten/nathan-sid";"https://web.archive.org/web/20220325135118/https://www.literatuurgeschiedenis.org/teksten/nathan-sid"
"https://www.literatuurgeschiedenis.org/teksten/nederlandse-historien";"https://web.archive.org/web/20220325134220/https://www.literatuurgeschiedenis.org/teksten/nederlandse-historien"
"https://www.literatuurgeschiedenis.org/teksten/nederlandtsche-gedenck-clanck";"https://web.archive.org/web/20220325134205/https://www.literatuurgeschiedenis.org/teksten/nederlandtsche-gedenck-clanck"
"https://www.literatuurgeschiedenis.org/teksten/nieuwe-gedichten";"https://web.archive.org/web/20220325134700/https://www.literatuurgeschiedenis.org/teksten/nieuwe-gedichten"
"https://www.literatuurgeschiedenis.org/teksten/ockenburg";"https://web.archive.org/web/20220325141044/https://www.literatuurgeschiedenis.org/teksten/ockenburg"
"https://www.literatuurgeschiedenis.org/teksten/oeroeg";"https://web.archive.org/web/20220325134752/https://www.literatuurgeschiedenis.org/teksten/oeroeg"
"https://www.literatuurgeschiedenis.org/teksten/op-amsterdam";"https://web.archive.org/web/20220325141333/https://www.literatuurgeschiedenis.org/teksten/op-amsterdam"
"https://www.literatuurgeschiedenis.org/teksten/op-de-jonghste-hollantsche-transformatie";"https://web.archive.org/web/20220325141438/https://www.literatuurgeschiedenis.org/teksten/op-de-jonghste-hollantsche-transformatie"
"https://www.literatuurgeschiedenis.org/teksten/op-ende-ondergang-van-mas-anjello";"https://web.archive.org/web/20220325134234/https://www.literatuurgeschiedenis.org/teksten/op-ende-ondergang-van-mas-anjello"
"https://www.literatuurgeschiedenis.org/teksten/op-hoop-van-zegen";"https://web.archive.org/web/20220325135919/https://www.literatuurgeschiedenis.org/teksten/op-hoop-van-zegen"
"https://www.literatuurgeschiedenis.org/teksten/parnas-dreun";"https://web.archive.org/web/20220325140115/https://www.literatuurgeschiedenis.org/teksten/parnas-dreun"
"https://www.literatuurgeschiedenis.org/teksten/pijpelijntjes";"https://web.archive.org/web/20220325134528/https://www.literatuurgeschiedenis.org/teksten/pijpelijntjes"
"https://www.literatuurgeschiedenis.org/teksten/poeticae-institutiones-de-leer-van-de-dichtkunst";"https://web.archive.org/web/20220325134248/https://www.literatuurgeschiedenis.org/teksten/poeticae-institutiones-de-leer-van-de-dichtkunst"
"https://www.literatuurgeschiedenis.org/teksten/proeve-van-taal-en-dichtkunde-in-vrijmoedige-aanmerkingen-op-vondels-vertaalde";"https://web.archive.org/web/20220325140214/https://www.literatuurgeschiedenis.org/teksten/proeve-van-taal-en-dichtkunde-in-vrijmoedige-aanmerkingen-op-vondels-vertaalde"
"https://www.literatuurgeschiedenis.org/teksten/publieke-werken";"https://web.archive.org/web/20220325135413/https://www.literatuurgeschiedenis.org/teksten/publieke-werken"
"https://www.literatuurgeschiedenis.org/teksten/pyramus-en-thisbe-van-tween-kinderen-die-droeghen-ene-starcke-minne";"https://web.archive.org/web/20220325140736/https://www.literatuurgeschiedenis.org/teksten/pyramus-en-thisbe-van-tween-kinderen-die-droeghen-ene-starcke-minne"
"https://www.literatuurgeschiedenis.org/teksten/rachels-rokje";"https://web.archive.org/web/20220325135303/https://www.literatuurgeschiedenis.org/teksten/rachels-rokje"
"https://www.literatuurgeschiedenis.org/teksten/reinhart-of-natuur-en-godsdienst";"https://web.archive.org/web/20220325141347/https://www.literatuurgeschiedenis.org/teksten/reinhart-of-natuur-en-godsdienst"
"https://www.literatuurgeschiedenis.org/teksten/reis-van-sint-brandaan";"https://web.archive.org/web/20220325140750/https://www.literatuurgeschiedenis.org/teksten/reis-van-sint-brandaan"
"https://www.literatuurgeschiedenis.org/teksten/roelantslied-of-den-droefliken-strijt-van-roncevale";"https://web.archive.org/web/20220325141952/https://www.literatuurgeschiedenis.org/teksten/roelantslied-of-den-droefliken-strijt-van-roncevale"
"https://www.literatuurgeschiedenis.org/teksten/roman-de-la-rose-frans";"https://web.archive.org/web/20220325140805/https://www.literatuurgeschiedenis.org/teksten/roman-de-la-rose-frans"
"https://www.literatuurgeschiedenis.org/teksten/roman-van-walewein";"https://web.archive.org/web/20220325141848/https://www.literatuurgeschiedenis.org/teksten/roman-van-walewein"
"https://www.literatuurgeschiedenis.org/teksten/saul";"https://web.archive.org/web/20220325134303/https://www.literatuurgeschiedenis.org/teksten/saul"
"https://www.literatuurgeschiedenis.org/teksten/servaaslegende-sente-servas";"https://web.archive.org/web/20220325140820/https://www.literatuurgeschiedenis.org/teksten/servaaslegende-sente-servas"
"https://www.literatuurgeschiedenis.org/teksten/sinne-en-minnebeelden";"https://web.archive.org/web/20220325134402/https://www.literatuurgeschiedenis.org/teksten/sinne-en-minnebeelden"
"https://www.literatuurgeschiedenis.org/teksten/sintels";"https://web.archive.org/web/20220325134737/https://www.literatuurgeschiedenis.org/teksten/sintels"
"https://www.literatuurgeschiedenis.org/teksten/snikken-en-grimlachjes";"https://web.archive.org/web/20220325135932/https://www.literatuurgeschiedenis.org/teksten/snikken-en-grimlachjes"
"https://www.literatuurgeschiedenis.org/teksten/spiegel-van-mijn-leven";"https://web.archive.org/web/20220325134415/https://www.literatuurgeschiedenis.org/teksten/spiegel-van-mijn-leven"
"https://www.literatuurgeschiedenis.org/teksten/telemachus";"https://web.archive.org/web/20220325140233/https://www.literatuurgeschiedenis.org/teksten/telemachus"
"https://www.literatuurgeschiedenis.org/teksten/t-groote-visch-net";"https://web.archive.org/web/20220325133858/https://www.literatuurgeschiedenis.org/teksten/t-groote-visch-net"
"https://www.literatuurgeschiedenis.org/teksten/tondalus-visioen-visio-tungdali";"https://web.archive.org/web/20220325140834/https://www.literatuurgeschiedenis.org/teksten/tondalus-visioen-visio-tungdali"
"https://www.literatuurgeschiedenis.org/teksten/trijntje-cornelisdr";"https://web.archive.org/web/20220325133843/https://www.literatuurgeschiedenis.org/teksten/trijntje-cornelisdr"
"https://www.literatuurgeschiedenis.org/teksten/trojeroman";"https://web.archive.org/web/20220325140848/https://www.literatuurgeschiedenis.org/teksten/trojeroman"
"https://www.literatuurgeschiedenis.org/teksten/tspook-te-muiden";"https://web.archive.org/web/20220325141257/https://www.literatuurgeschiedenis.org/teksten/tspook-te-muiden"
"https://www.literatuurgeschiedenis.org/teksten/twee-vrouwen";"https://web.archive.org/web/20220325134953/https://www.literatuurgeschiedenis.org/teksten/twee-vrouwen"
"https://www.literatuurgeschiedenis.org/teksten/van-de-koele-meren-des-doods";"https://web.archive.org/web/20220325135947/https://www.literatuurgeschiedenis.org/teksten/van-de-koele-meren-des-doods"
"https://www.literatuurgeschiedenis.org/teksten/vanden-lande-van-oversee";"https://web.archive.org/web/20220325140903/https://www.literatuurgeschiedenis.org/teksten/vanden-lande-van-oversee"
"https://www.literatuurgeschiedenis.org/teksten/van-den-vos-reynaerde";"https://web.archive.org/web/20220325141556/https://www.literatuurgeschiedenis.org/teksten/van-den-vos-reynaerde"
"https://www.literatuurgeschiedenis.org/teksten/van-oude-dagen-de-dingen-die-voorbij-zijn";"https://web.archive.org/web/20220325134857/https://www.literatuurgeschiedenis.org/teksten/van-oude-dagen-de-dingen-die-voorbij-zijn"
"https://www.literatuurgeschiedenis.org/teksten/varkensroze-ansichten";"https://web.archive.org/web/20220325135522/https://www.literatuurgeschiedenis.org/teksten/varkensroze-ansichten"
"https://www.literatuurgeschiedenis.org/teksten/veertien-etsen-van-frans-lodewijk-pannekoek-voor-arbeiders-verklaard";"https://web.archive.org/web/20220325134910/https://www.literatuurgeschiedenis.org/teksten/veertien-etsen-van-frans-lodewijk-pannekoek-voor-arbeiders-verklaard"
"https://www.literatuurgeschiedenis.org/teksten/vertroostinge-aan-geeraerdt-vossius";"https://web.archive.org/web/20220325141128/https://www.literatuurgeschiedenis.org/teksten/vertroostinge-aan-geeraerdt-vossius"
"https://www.literatuurgeschiedenis.org/teksten/verzen";"https://web.archive.org/web/20220325134459/https://www.literatuurgeschiedenis.org/teksten/verzen"
"https://www.literatuurgeschiedenis.org/teksten/warenar";"https://web.archive.org/web/20220325141242/https://www.literatuurgeschiedenis.org/teksten/warenar"
"https://www.literatuurgeschiedenis.org/teksten/was-getekend";"https://web.archive.org/web/20220325135359/https://www.literatuurgeschiedenis.org/teksten/was-getekend"
"https://www.literatuurgeschiedenis.org/teksten/wij-slaven-van-suriname";"https://web.archive.org/web/20220325140959/https://www.literatuurgeschiedenis.org/teksten/wij-slaven-van-suriname"
"https://www.literatuurgeschiedenis.org/teksten/wilhelmus";"https://web.archive.org/web/20220325141418/https://www.literatuurgeschiedenis.org/teksten/wilhelmus"
"https://www.literatuurgeschiedenis.org/teksten/wonderlicke-avontuer-van-twee-goelieven";"https://web.archive.org/web/20220325134429/https://www.literatuurgeschiedenis.org/teksten/wonderlicke-avontuer-van-twee-goelieven"
"https://www.literatuurgeschiedenis.org/teksten/zeevsche-nagtegael";"https://web.archive.org/web/20220325134445/https://www.literatuurgeschiedenis.org/teksten/zeevsche-nagtegael"
"https://www.literatuurgeschiedenis.org/teksten/zesde-visioen-van-hadewijch";"https://web.archive.org/web/20220325140924/https://www.literatuurgeschiedenis.org/teksten/zesde-visioen-van-hadewijch"
"https://www.literatuurgeschiedenis.org/themas";"https://web.archive.org/web/20220325125633/https://www.literatuurgeschiedenis.org/themas"
"https://www.literatuurgeschiedenis.org/themas/thema-gender-en-identiteit";"https://web.archive.org/web/20220325152143/https://www.literatuurgeschiedenis.org/themas/thema-gender-en-identiteit"
"https://www.literatuurgeschiedenis.org/themas/thema-godsdienst-en-heiligen";"https://web.archive.org/web/20220325152038/https://www.literatuurgeschiedenis.org/themas/thema-godsdienst-en-heiligen"
"https://www.literatuurgeschiedenis.org/themas/thema-jeugdliteratuur";"https://web.archive.org/web/20220325152053/https://www.literatuurgeschiedenis.org/themas/thema-jeugdliteratuur"
"https://www.literatuurgeschiedenis.org/themas/thema-liefde-en-erotiek";"https://web.archive.org/web/20220325151923/https://www.literatuurgeschiedenis.org/themas/thema-liefde-en-erotiek"
"https://www.literatuurgeschiedenis.org/themas/thema-oorlog-en-verzet";"https://web.archive.org/web/20220325152107/https://www.literatuurgeschiedenis.org/themas/thema-oorlog-en-verzet"
"https://www.literatuurgeschiedenis.org/themas/thema-reizen-en-andere-culturen";"https://web.archive.org/web/20220325152016/https://www.literatuurgeschiedenis.org/themas/thema-reizen-en-andere-culturen"
"https://www.literatuurgeschiedenis.org/themas/thema-toekomst-en-science-fiction";"https://web.archive.org/web/20220325152155/https://www.literatuurgeschiedenis.org/themas/thema-toekomst-en-science-fiction"
"https://www.literatuurgeschiedenis.org/themas/thema-toneel-en-theater";"https://web.archive.org/web/20220325151956/https://www.literatuurgeschiedenis.org/themas/thema-toneel-en-theater"
"https://www.literatuurgeschiedenis.org/themas/thema-ziekte-en-dood";"https://web.archive.org/web/20220325151938/https://www.literatuurgeschiedenis.org/themas/thema-ziekte-en-dood"
"https://www.literatuurgeschiedenis.org/tijdvakken";"https://web.archive.org/web/20220325125405/https://www.literatuurgeschiedenis.org/tijdvakken"
"https://www.literatuurgeschiedenis.org/toegankelijkheidsverklaring";"https://web.archive.org/web/20220325125602/https://www.literatuurgeschiedenis.org/toegankelijkheidsverklaring"