LiteratuurpleinURL	LiteratuurpleinArchiefURL	ArchiefURLStatusCheck-07122019	
https://www.literatuurplein.nl/trefwoord.jsp?trefwoord=Aantekenstrookjes	http://web.archive.org/web/20191130193622/https://www.literatuurplein.nl/trefwoord?trefwoord=Aantekenstrookjes	200	Klik
https://www.literatuurplein.nl/trefwoord.jsp?trefwoord=Activiteitenbegeleiding	http://web.archive.org/web/20191130193629/https://www.literatuurplein.nl/trefwoord?trefwoord=Activiteitenbegeleiding	200	Klik
https://www.literatuurplein.nl/trefwoord.jsp?trefwoord=Acupressuur	http://web.archive.org/web/20191130193636/https://www.literatuurplein.nl/trefwoord?trefwoord=Acupressuur	200	Klik
https://www.literatuurplein.nl/trefwoord.jsp?trefwoord=Administratieve organisatie	http://web.archive.org/web/20191130193643/https://www.literatuurplein.nl/trefwoord?trefwoord=Administratieve%20organisatie	200	Klik
https://www.literatuurplein.nl/trefwoord.jsp?trefwoord=Aikido	http://web.archive.org/web/20191130193650/https://www.literatuurplein.nl/trefwoord?trefwoord=Aikido	200	Klik
https://www.literatuurplein.nl/trefwoord.jsp?trefwoord=Algemene geschiedenis, Atlassen	http://web.archive.org/web/20191130193657/https://www.literatuurplein.nl/trefwoord?trefwoord=Algemene%20geschiedenis,%20Atlassen	200	Klik
https://www.literatuurplein.nl/trefwoord.jsp?trefwoord=Alleenstaanden	http://web.archive.org/web/20191130193704/https://www.literatuurplein.nl/trefwoord?trefwoord=Alleenstaanden	200	Klik
https://www.literatuurplein.nl/trefwoord.jsp?trefwoord=Amerikaanse Burgeroorlog (1861-1865)	http://web.archive.org/web/20191130193711/https://www.literatuurplein.nl/trefwoord?trefwoord=Amerikaanse%20Burgeroorlog%20(1861-1865)	200	Klik
https://www.literatuurplein.nl/trefwoord.jsp?trefwoord=Amerikaanse Vrijheidsoorlog (1775-1783)	http://web.archive.org/web/20191130193718/https://www.literatuurplein.nl/trefwoord?trefwoord=Amerikaanse%20Vrijheidsoorlog%20(1775-1783)	200	Klik
https://www.literatuurplein.nl/trefwoord.jsp?trefwoord=Analfabetisme	http://web.archive.org/web/20191130193725/https://www.literatuurplein.nl/trefwoord?trefwoord=Analfabetisme	200	Klik
https://www.literatuurplein.nl/trefwoord.jsp?trefwoord=Antilliaanse keuken	http://web.archive.org/web/20191130193732/https://www.literatuurplein.nl/trefwoord?trefwoord=Antilliaanse%20keuken	200	Klik
https://www.literatuurplein.nl/trefwoord.jsp?trefwoord=Aquarelleren	http://web.archive.org/web/20191130193739/https://www.literatuurplein.nl/trefwoord?trefwoord=Aquarelleren	200	Klik
https://www.literatuurplein.nl/trefwoord.jsp?trefwoord=Aquariumvissen	http://web.archive.org/web/20191130193747/https://www.literatuurplein.nl/trefwoord?trefwoord=Aquariumvissen	200	Klik
https://www.literatuurplein.nl/trefwoord.jsp?trefwoord=Arbeidsinzet	http://web.archive.org/web/20191130193754/https://www.literatuurplein.nl/trefwoord?trefwoord=Arbeidsinzet	200	Klik
https://www.literatuurplein.nl/trefwoord.jsp?trefwoord=Aromatherapie	http://web.archive.org/web/20191130193801/https://www.literatuurplein.nl/trefwoord?trefwoord=Aromatherapie	200	Klik
https://www.literatuurplein.nl/trefwoord.jsp?trefwoord=Atletiek	http://web.archive.org/web/20191130193808/https://www.literatuurplein.nl/trefwoord?trefwoord=Atletiek	200	Klik
https://www.literatuurplein.nl/trefwoord.jsp?trefwoord=Auschwitz (concentratiekamp)	http://web.archive.org/web/20191130193816/https://www.literatuurplein.nl/trefwoord?trefwoord=Auschwitz%20(concentratiekamp)	200	Klik
https://www.literatuurplein.nl/trefwoord.jsp?trefwoord=Autobussen	http://web.archive.org/web/20191130193823/https://www.literatuurplein.nl/trefwoord?trefwoord=Autobussen	200	Klik
https://www.literatuurplein.nl/trefwoord.jsp?trefwoord=Automonteurs	http://web.archive.org/web/20191130193831/https://www.literatuurplein.nl/trefwoord?trefwoord=Automonteurs	200	Klik
https://www.literatuurplein.nl/trefwoord.jsp?trefwoord=Bahasa Indonesia	http://web.archive.org/web/20191130193838/https://www.literatuurplein.nl/trefwoord?trefwoord=Bahasa%20Indonesia	200	Klik
https://www.literatuurplein.nl/trefwoord.jsp?trefwoord=Ballet	http://web.archive.org/web/20191130193845/https://www.literatuurplein.nl/trefwoord?trefwoord=Ballet	200	Klik
https://www.literatuurplein.nl/trefwoord.jsp?trefwoord=Basketbal	http://web.archive.org/web/20191130193852/https://www.literatuurplein.nl/trefwoord?trefwoord=Basketbal	200	Klik
https://www.literatuurplein.nl/trefwoord.jsp?trefwoord=Belastinggidsen	http://web.archive.org/web/20191130193859/https://www.literatuurplein.nl/trefwoord?trefwoord=Belastinggidsen	200	Klik
https://www.literatuurplein.nl/trefwoord.jsp?trefwoord=Bergexpedities	http://web.archive.org/web/20191130193907/https://www.literatuurplein.nl/trefwoord?trefwoord=Bergexpedities	200	Klik
https://www.literatuurplein.nl/trefwoord.jsp?trefwoord=Bergsport	http://web.archive.org/web/20191130193914/https://www.literatuurplein.nl/trefwoord?trefwoord=Bergsport	200	Klik
https://www.literatuurplein.nl/trefwoord.jsp?trefwoord=Bewegingsonderwijs	http://web.archive.org/web/20191130193921/https://www.literatuurplein.nl/trefwoord?trefwoord=Bewegingsonderwijs	200	Klik
https://www.literatuurplein.nl/trefwoord.jsp?trefwoord=Binnenvaart	http://web.archive.org/web/20191130193929/https://www.literatuurplein.nl/trefwoord?trefwoord=Binnenvaart	200	Klik
https://www.literatuurplein.nl/trefwoord.jsp?trefwoord=Biografie쯞	http://web.archive.org/web/20191130193937/https://www.literatuurplein.nl/trefwoord?trefwoord=Biografie%C3%ABn	200	Klik
https://www.literatuurplein.nl/trefwoord.jsp?trefwoord=Biologische groenteteelt	http://web.archive.org/web/20191130193944/https://www.literatuurplein.nl/trefwoord?trefwoord=Biologische%20groenteteelt	200	Klik
https://www.literatuurplein.nl/trefwoord.jsp?trefwoord=Biseksualiteit	http://web.archive.org/web/20191130193951/https://www.literatuurplein.nl/trefwoord?trefwoord=Biseksualiteit	200	Klik
https://www.literatuurplein.nl/trefwoord.jsp?trefwoord=Blindengeleidehonden	http://web.archive.org/web/20191130193959/https://www.literatuurplein.nl/trefwoord?trefwoord=Blindengeleidehonden	200	Klik
https://www.literatuurplein.nl/trefwoord.jsp?trefwoord=Bloemmotieven	http://web.archive.org/web/20191130194006/https://www.literatuurplein.nl/trefwoord?trefwoord=Bloemmotieven	200	Klik
https://www.literatuurplein.nl/trefwoord.jsp?trefwoord=Blokker (grootwinkelbedrijf)	http://web.archive.org/web/20191130194013/https://www.literatuurplein.nl/trefwoord?trefwoord=Blokker%20(grootwinkelbedrijf)	200	Klik
https://www.literatuurplein.nl/trefwoord.jsp?trefwoord=Bodybuilding	http://web.archive.org/web/20191130194020/https://www.literatuurplein.nl/trefwoord?trefwoord=Bodybuilding	200	Klik
https://www.literatuurplein.nl/trefwoord.jsp?trefwoord=Boekbinden	http://web.archive.org/web/20191130194027/https://www.literatuurplein.nl/trefwoord?trefwoord=Boekbinden	200	Klik
https://www.literatuurplein.nl/trefwoord.jsp?trefwoord=Boetseren	http://web.archive.org/web/20191130194036/https://www.literatuurplein.nl/trefwoord?trefwoord=Boetseren	200	Klik
https://www.literatuurplein.nl/trefwoord.jsp?trefwoord=Borduren	http://web.archive.org/web/20191130194043/https://www.literatuurplein.nl/trefwoord?trefwoord=Borduren	200	Klik
https://www.literatuurplein.nl/trefwoord.jsp?trefwoord=Brandweer	http://web.archive.org/web/20191130194050/https://www.literatuurplein.nl/trefwoord?trefwoord=Brandweer	200	Klik
https://www.literatuurplein.nl/trefwoord.jsp?trefwoord=Breipatronen	http://web.archive.org/web/20191130194057/https://www.literatuurplein.nl/trefwoord?trefwoord=Breipatronen	200	Klik
https://www.literatuurplein.nl/trefwoord.jsp?trefwoord=Bromfietstechniek	http://web.archive.org/web/20191130194105/https://www.literatuurplein.nl/trefwoord?trefwoord=Bromfietstechniek	200	Klik
https://www.literatuurplein.nl/trefwoord.jsp?trefwoord=Bruegel, Pieter (de Oude)	http://web.archive.org/web/20191130194112/https://www.literatuurplein.nl/trefwoord?trefwoord=Bruegel,%20Pieter%20(de%20Oude)	200	Klik
https://www.literatuurplein.nl/trefwoord.jsp?trefwoord=Cabaretteksten	http://web.archive.org/web/20191130194119/https://www.literatuurplein.nl/trefwoord?trefwoord=Cabaretteksten	200	Klik
https://www.literatuurplein.nl/trefwoord.jsp?trefwoord=Cartoontekenen	http://web.archive.org/web/20191130194126/https://www.literatuurplein.nl/trefwoord?trefwoord=Cartoontekenen	200	Klik
https://www.literatuurplein.nl/trefwoord.jsp?trefwoord=Combinatieklassen	http://web.archive.org/web/20191130194133/https://www.literatuurplein.nl/trefwoord?trefwoord=Combinatieklassen	200	Klik
https://www.literatuurplein.nl/trefwoord.jsp?trefwoord=Concentratiekampen	http://web.archive.org/web/20191130194140/https://www.literatuurplein.nl/trefwoord?trefwoord=Concentratiekampen	200	Klik
https://www.literatuurplein.nl/trefwoord.jsp?trefwoord=Cottage-tuinen	http://web.archive.org/web/20191130194158/https://www.literatuurplein.nl/trefwoord?trefwoord=Cottage-tuinen	200	Klik
https://www.literatuurplein.nl/trefwoord.jsp?trefwoord=Cuba	http://web.archive.org/web/20191130194206/https://www.literatuurplein.nl/trefwoord?trefwoord=Cuba	200	Klik
https://www.literatuurplein.nl/trefwoord.jsp?trefwoord=Cuba-crisis (1962)	http://web.archive.org/web/20191130194213/https://www.literatuurplein.nl/trefwoord?trefwoord=Cuba-crisis%20(1962)	200	Klik
https://www.literatuurplein.nl/trefwoord.jsp?trefwoord=Cultuurgeschiedenis	http://web.archive.org/web/20191130194220/https://www.literatuurplein.nl/trefwoord?trefwoord=Cultuurgeschiedenis	200	Klik
https://www.literatuurplein.nl/trefwoord.jsp?trefwoord=Cultuurverschillen	http://web.archive.org/web/20191130194228/https://www.literatuurplein.nl/trefwoord?trefwoord=Cultuurverschillen	200	Klik
https://www.literatuurplein.nl/trefwoord.jsp?trefwoord=Dak- en thuislozen	http://web.archive.org/web/20191130194235/https://www.literatuurplein.nl/trefwoord?trefwoord=Dak-%20en%20thuislozen	200	Klik
https://www.literatuurplein.nl/trefwoord.jsp?trefwoord=Daltononderwijs	http://web.archive.org/web/20191130194242/https://www.literatuurplein.nl/trefwoord?trefwoord=Daltononderwijs	200	Klik
https://www.literatuurplein.nl/trefwoord.jsp?trefwoord=DDR	http://web.archive.org/web/20191130194249/https://www.literatuurplein.nl/trefwoord?trefwoord=DDR	200	Klik
https://www.literatuurplein.nl/trefwoord.jsp?trefwoord=Dierenmishandeling	http://web.archive.org/web/20191130194256/https://www.literatuurplein.nl/trefwoord?trefwoord=Dierenmishandeling	200	Klik
https://www.literatuurplein.nl/trefwoord.jsp?trefwoord=Dierentekenen	http://web.archive.org/web/20191130194303/https://www.literatuurplein.nl/trefwoord?trefwoord=Dierentekenen	200	Klik
https://www.literatuurplein.nl/trefwoord.jsp?trefwoord=Dinosaurussen	http://web.archive.org/web/20191130194311/https://www.literatuurplein.nl/trefwoord?trefwoord=Dinosaurussen	200	Klik
https://www.literatuurplein.nl/trefwoord.jsp?trefwoord=Discriminatie	http://web.archive.org/web/20191130194318/https://www.literatuurplein.nl/trefwoord?trefwoord=Discriminatie	200	Klik
https://www.literatuurplein.nl/trefwoord.jsp?trefwoord=Draadfiguren	http://web.archive.org/web/20191130194325/https://www.literatuurplein.nl/trefwoord?trefwoord=Draadfiguren	200	Klik
https://www.literatuurplein.nl/trefwoord.jsp?trefwoord=Dramatische expressie	http://web.archive.org/web/20191130194332/https://www.literatuurplein.nl/trefwoord?trefwoord=Dramatische%20expressie	200	Klik
https://www.literatuurplein.nl/trefwoord.jsp?trefwoord=Dressuurrijden	http://web.archive.org/web/20191130194340/https://www.literatuurplein.nl/trefwoord?trefwoord=Dressuurrijden	200	Klik
https://www.literatuurplein.nl/trefwoord.jsp?trefwoord=Drugshandel	http://web.archive.org/web/20191130194347/https://www.literatuurplein.nl/trefwoord?trefwoord=Drugshandel	200	Klik
https://www.literatuurplein.nl/trefwoord.jsp?trefwoord=Druktechnieken	http://web.archive.org/web/20191130194354/https://www.literatuurplein.nl/trefwoord?trefwoord=Druktechnieken	200	Klik
https://www.literatuurplein.nl/trefwoord.jsp?trefwoord=Duikboten	http://web.archive.org/web/20191130194402/https://www.literatuurplein.nl/trefwoord?trefwoord=Duikboten	200	Klik
https://www.literatuurplein.nl/trefwoord.jsp?trefwoord=Duitsland	http://web.archive.org/web/20191130194418/https://www.literatuurplein.nl/trefwoord?trefwoord=Duitsland	200	Klik
https://www.literatuurplein.nl/trefwoord.jsp?trefwoord=Duivensport	http://web.archive.org/web/20191130194425/https://www.literatuurplein.nl/trefwoord?trefwoord=Duivensport	200	Klik
https://www.literatuurplein.nl/trefwoord.jsp?trefwoord=Eeghen, Esmꥠvan	http://web.archive.org/web/20191130194432/https://www.literatuurplein.nl/trefwoord?trefwoord=Eeghen,%20Esm%C3%A9e%20van	200	Klik
https://www.literatuurplein.nl/trefwoord.jsp?trefwoord=Eerwraak	http://web.archive.org/web/20191130194439/https://www.literatuurplein.nl/trefwoord?trefwoord=Eerwraak	200	Klik
https://www.literatuurplein.nl/trefwoord.jsp?trefwoord=Egyptische Oudheid	http://web.archive.org/web/20191130194448/https://www.literatuurplein.nl/trefwoord?trefwoord=Egyptische%20Oudheid	200	Klik
https://www.literatuurplein.nl/trefwoord.jsp?trefwoord=Elektrische locomotieven	http://web.archive.org/web/20191130194456/https://www.literatuurplein.nl/trefwoord?trefwoord=Elektrische%20locomotieven	200	Klik
https://www.literatuurplein.nl/trefwoord.jsp?trefwoord=Elektronenbuizen	http://web.archive.org/web/20191130194504/https://www.literatuurplein.nl/trefwoord?trefwoord=Elektronenbuizen	200	Klik
https://www.literatuurplein.nl/trefwoord.jsp?trefwoord=Elektronische schakelingen	http://web.archive.org/web/20191130194512/https://www.literatuurplein.nl/trefwoord?trefwoord=Elektronische%20schakelingen	200	Klik
https://www.literatuurplein.nl/trefwoord.jsp?trefwoord=Emblemata	http://web.archive.org/web/20191130194519/https://www.literatuurplein.nl/trefwoord?trefwoord=Emblemata	200	Klik
https://www.literatuurplein.nl/trefwoord.jsp?trefwoord=Engeland	http://web.archive.org/web/20191130194526/https://www.literatuurplein.nl/trefwoord?trefwoord=Engeland	200	Klik
https://www.literatuurplein.nl/trefwoord.jsp?trefwoord=Erotiek	http://web.archive.org/web/20191130194535/https://www.literatuurplein.nl/trefwoord?trefwoord=Erotiek	200	Klik
https://www.literatuurplein.nl/trefwoord.jsp?trefwoord=Erotische kunst	http://web.archive.org/web/20191130194543/https://www.literatuurplein.nl/trefwoord?trefwoord=Erotische%20kunst	200	Klik
https://www.literatuurplein.nl/trefwoord.jsp?trefwoord=Esoterie	http://web.archive.org/web/20191130194550/https://www.literatuurplein.nl/trefwoord?trefwoord=Esoterie	200	Klik
https://www.literatuurplein.nl/trefwoord.jsp?trefwoord=Familienamen	http://web.archive.org/web/20191130194558/https://www.literatuurplein.nl/trefwoord?trefwoord=Familienamen	200	Klik
https://www.literatuurplein.nl/trefwoord.jsp?trefwoord=Fibromyalgie	http://web.archive.org/web/20191130194605/https://www.literatuurplein.nl/trefwoord?trefwoord=Fibromyalgie	200	Klik
https://www.literatuurplein.nl/trefwoord.jsp?trefwoord=Figuurzagen	http://web.archive.org/web/20191130194612/https://www.literatuurplein.nl/trefwoord?trefwoord=Figuurzagen	200	Klik
https://www.literatuurplein.nl/trefwoord.jsp?trefwoord=Fimo	http://web.archive.org/web/20191130194619/https://www.literatuurplein.nl/trefwoord?trefwoord=Fimo	200	Klik
https://www.literatuurplein.nl/trefwoord.jsp?trefwoord=Franse Revolutie	http://web.archive.org/web/20191130194627/https://www.literatuurplein.nl/trefwoord?trefwoord=Franse%20Revolutie	200	Klik
https://www.literatuurplein.nl/trefwoord.jsp?trefwoord=Gebakrecepten	http://web.archive.org/web/20191130194637/https://www.literatuurplein.nl/trefwoord?trefwoord=Gebakrecepten	200	Klik
https://www.literatuurplein.nl/trefwoord.jsp?trefwoord=Gedwongen huwelijk	http://web.archive.org/web/20191130194643/https://www.literatuurplein.nl/trefwoord?trefwoord=Gedwongen%20huwelijk	200	Klik
https://www.literatuurplein.nl/trefwoord.jsp?trefwoord=Geestelijke mishandeling	http://web.archive.org/web/20191130194651/https://www.literatuurplein.nl/trefwoord?trefwoord=Geestelijke%20mishandeling	200	Klik
https://www.literatuurplein.nl/trefwoord.jsp?trefwoord=Geheimschrift	http://web.archive.org/web/20191130194657/https://www.literatuurplein.nl/trefwoord?trefwoord=Geheimschrift	200	Klik
https://www.literatuurplein.nl/trefwoord.jsp?trefwoord=Geheugentraining	http://web.archive.org/web/20191130194705/https://www.literatuurplein.nl/trefwoord?trefwoord=Geheugentraining	200	Klik
https://www.literatuurplein.nl/trefwoord.jsp?trefwoord=Gelaatkunde	http://web.archive.org/web/20191130194712/https://www.literatuurplein.nl/trefwoord?trefwoord=Gelaatkunde	200	Klik
https://www.literatuurplein.nl/trefwoord.jsp?trefwoord=Geneeskrachtige kruiden	http://web.archive.org/web/20191130194719/https://www.literatuurplein.nl/trefwoord?trefwoord=Geneeskrachtige%20kruiden	200	Klik
https://www.literatuurplein.nl/trefwoord.jsp?trefwoord=Geneeskrachtige kruiden, Suriname	http://web.archive.org/web/20191130194726/https://www.literatuurplein.nl/trefwoord?trefwoord=Geneeskrachtige%20kruiden,%20Suriname	200	Klik
https://www.literatuurplein.nl/trefwoord.jsp?trefwoord=Geschiedenis	http://web.archive.org/web/20191130194733/https://www.literatuurplein.nl/trefwoord?trefwoord=Geschiedenis	200	Klik
https://www.literatuurplein.nl/trefwoord.jsp?trefwoord=Gesteenten	http://web.archive.org/web/20191130194740/https://www.literatuurplein.nl/trefwoord?trefwoord=Gesteenten	200	Klik
https://www.literatuurplein.nl/trefwoord.jsp?trefwoord=Gezichtsbedrog	http://web.archive.org/web/20191130194748/https://www.literatuurplein.nl/trefwoord?trefwoord=Gezichtsbedrog	200	Klik
https://www.literatuurplein.nl/trefwoord.jsp?trefwoord=Gigolo's	http://web.archive.org/web/20191130194755/https://www.literatuurplein.nl/trefwoord?trefwoord=Gigolo's	200	Klik
https://www.literatuurplein.nl/trefwoord.jsp?trefwoord=Glas in lood	http://web.archive.org/web/20191130194802/https://www.literatuurplein.nl/trefwoord?trefwoord=Glas%20in%20lood	200	Klik
https://www.literatuurplein.nl/trefwoord.jsp?trefwoord=Glasgraveren	http://web.archive.org/web/20191130194810/https://www.literatuurplein.nl/trefwoord?trefwoord=Glasgraveren	200	Klik
https://www.literatuurplein.nl/trefwoord.jsp?trefwoord=Glazuren	http://web.archive.org/web/20191130194817/https://www.literatuurplein.nl/trefwoord?trefwoord=Glazuren	200	Klik
https://www.literatuurplein.nl/trefwoord.jsp?trefwoord=Gokverslaving	http://web.archive.org/web/20191130194824/https://www.literatuurplein.nl/trefwoord?trefwoord=Gokverslaving	200	Klik
https://www.literatuurplein.nl/trefwoord.jsp?trefwoord=Gordijnen	http://web.archive.org/web/20191130194831/https://www.literatuurplein.nl/trefwoord?trefwoord=Gordijnen	200	Klik
https://www.literatuurplein.nl/trefwoord.jsp?trefwoord=Graafmachines	http://web.archive.org/web/20191130194839/https://www.literatuurplein.nl/trefwoord?trefwoord=Graafmachines	200	Klik
https://www.literatuurplein.nl/trefwoord.jsp?trefwoord=Grimeren	http://web.archive.org/web/20191130194846/https://www.literatuurplein.nl/trefwoord?trefwoord=Grimeren	200	Klik
https://www.literatuurplein.nl/trefwoord.jsp?trefwoord=Haakpatronen	http://web.archive.org/web/20191130194853/https://www.literatuurplein.nl/trefwoord?trefwoord=Haakpatronen	200	Klik
https://www.literatuurplein.nl/trefwoord.jsp?trefwoord=Handelskennis	http://web.archive.org/web/20191130194900/https://www.literatuurplein.nl/trefwoord?trefwoord=Handelskennis	200	Klik
https://www.literatuurplein.nl/trefwoord.jsp?trefwoord=Harley-Davidson (motorfiets)	http://web.archive.org/web/20191130194908/https://www.literatuurplein.nl/trefwoord?trefwoord=Harley-Davidson%20(motorfiets)	200	Klik
https://www.literatuurplein.nl/trefwoord.jsp?trefwoord=Heksen	http://web.archive.org/web/20191130194915/https://www.literatuurplein.nl/trefwoord?trefwoord=Heksen	200	Klik
https://www.literatuurplein.nl/trefwoord.jsp?trefwoord=Hengelsport	http://web.archive.org/web/20191130194923/https://www.literatuurplein.nl/trefwoord?trefwoord=Hengelsport	200	Klik
https://www.literatuurplein.nl/trefwoord.jsp?trefwoord=Hindoestanen	http://web.archive.org/web/20191130194930/https://www.literatuurplein.nl/trefwoord?trefwoord=Hindoestanen	200	Klik
https://www.literatuurplein.nl/trefwoord.jsp?trefwoord=Hockey	http://web.archive.org/web/20191130194937/https://www.literatuurplein.nl/trefwoord?trefwoord=Hockey	200	Klik
https://www.literatuurplein.nl/trefwoord.jsp?trefwoord=Homeopathie	http://web.archive.org/web/20191130194944/https://www.literatuurplein.nl/trefwoord?trefwoord=Homeopathie	200	Klik
https://www.literatuurplein.nl/trefwoord.jsp?trefwoord=Homoseksualiteit	http://web.archive.org/web/20191130194952/https://www.literatuurplein.nl/trefwoord?trefwoord=Homoseksualiteit	200	Klik
https://www.literatuurplein.nl/trefwoord.jsp?trefwoord=Honden, Africhting	http://web.archive.org/web/20191130194959/https://www.literatuurplein.nl/trefwoord?trefwoord=Honden,%20Africhting	200	Klik
https://www.literatuurplein.nl/trefwoord.jsp?trefwoord=Honden, Psychologie	http://web.archive.org/web/20191130195006/https://www.literatuurplein.nl/trefwoord?trefwoord=Honden,%20Psychologie	200	Klik
https://www.literatuurplein.nl/trefwoord.jsp?trefwoord=Honderdjarige Oorlog (1337-1453)	http://web.archive.org/web/20191130195013/https://www.literatuurplein.nl/trefwoord?trefwoord=Honderdjarige%20Oorlog%20(1337-1453)	200	Klik
https://www.literatuurplein.nl/trefwoord.jsp?trefwoord=Honkbal	http://web.archive.org/web/20191130195021/https://www.literatuurplein.nl/trefwoord?trefwoord=Honkbal	200	Klik
https://www.literatuurplein.nl/trefwoord.jsp?trefwoord=Houtbewerking	http://web.archive.org/web/20191130195029/https://www.literatuurplein.nl/trefwoord?trefwoord=Houtbewerking	200	Klik
https://www.literatuurplein.nl/trefwoord.jsp?trefwoord=Houtdraaien	http://web.archive.org/web/20191130195036/https://www.literatuurplein.nl/trefwoord?trefwoord=Houtdraaien	200	Klik
https://www.literatuurplein.nl/trefwoord.jsp?trefwoord=Hugenoten	http://web.archive.org/web/20191130195043/https://www.literatuurplein.nl/trefwoord?trefwoord=Hugenoten	200	Klik
https://www.literatuurplein.nl/trefwoord.jsp?trefwoord=Huiselijk geweld	http://web.archive.org/web/20191130195051/https://www.literatuurplein.nl/trefwoord?trefwoord=Huiselijk%20geweld	200	Klik
https://www.literatuurplein.nl/trefwoord.jsp?trefwoord=Hydraulische techniek	http://web.archive.org/web/20191130195058/https://www.literatuurplein.nl/trefwoord?trefwoord=Hydraulische%20techniek	200	Klik
https://www.literatuurplein.nl/trefwoord.jsp?trefwoord=IJsrecepten	http://web.archive.org/web/20191130195105/https://www.literatuurplein.nl/trefwoord?trefwoord=IJsrecepten	200	Klik
https://www.literatuurplein.nl/trefwoord.jsp?trefwoord=Incest	http://web.archive.org/web/20191130195112/https://www.literatuurplein.nl/trefwoord?trefwoord=Incest	200	Klik
https://www.literatuurplein.nl/trefwoord.jsp?trefwoord=Incest, Verhalen	http://web.archive.org/web/20191130195119/https://www.literatuurplein.nl/trefwoord?trefwoord=Incest,%20Verhalen	200	Klik
https://www.literatuurplein.nl/trefwoord.jsp?trefwoord=Indianen	http://web.archive.org/web/20191130195126/https://www.literatuurplein.nl/trefwoord?trefwoord=Indianen	200	Klik
https://www.literatuurplein.nl/trefwoord.jsp?trefwoord=Indonesische keuken	http://web.archive.org/web/20191130195133/https://www.literatuurplein.nl/trefwoord?trefwoord=Indonesische%20keuken	200	Klik
https://www.literatuurplein.nl/trefwoord.jsp?trefwoord=Indonesische recepten	http://web.archive.org/web/20191130195140/https://www.literatuurplein.nl/trefwoord?trefwoord=Indonesische%20recepten	200	Klik
https://www.literatuurplein.nl/trefwoord.jsp?trefwoord=Interieurfotografie	http://web.archive.org/web/20191130195147/https://www.literatuurplein.nl/trefwoord?trefwoord=Interieurfotografie	200	Klik
https://www.literatuurplein.nl/trefwoord.jsp?trefwoord=Interneringskampen	http://web.archive.org/web/20191130195154/https://www.literatuurplein.nl/trefwoord?trefwoord=Interneringskampen	200	Klik
https://www.literatuurplein.nl/trefwoord.jsp?trefwoord=Iran	http://web.archive.org/web/20191130195201/https://www.literatuurplein.nl/trefwoord?trefwoord=Iran	200	Klik
https://www.literatuurplein.nl/trefwoord.jsp?trefwoord=Jacht	http://web.archive.org/web/20191130195208/https://www.literatuurplein.nl/trefwoord?trefwoord=Jacht	200	Klik
https://www.literatuurplein.nl/trefwoord.jsp?trefwoord=Jachtverhalen	http://web.archive.org/web/20191130195215/https://www.literatuurplein.nl/trefwoord?trefwoord=Jachtverhalen	200	Klik
https://www.literatuurplein.nl/trefwoord.jsp?trefwoord=Jehova's getuigen	http://web.archive.org/web/20191130195222/https://www.literatuurplein.nl/trefwoord?trefwoord=Jehova's%20getuigen	200	Klik
https://www.literatuurplein.nl/trefwoord.jsp?trefwoord=Jeugdboekenschrijvers	http://web.archive.org/web/20191130195229/https://www.literatuurplein.nl/trefwoord?trefwoord=Jeugdboekenschrijvers	200	Klik
https://www.literatuurplein.nl/trefwoord.jsp?trefwoord=Jeugdcriminaliteit	http://web.archive.org/web/20191130195236/https://www.literatuurplein.nl/trefwoord?trefwoord=Jeugdcriminaliteit	200	Klik
https://www.literatuurplein.nl/trefwoord.jsp?trefwoord=Jodenvervolging	http://web.archive.org/web/20191130195243/https://www.literatuurplein.nl/trefwoord?trefwoord=Jodenvervolging	200	Klik
https://www.literatuurplein.nl/trefwoord.jsp?trefwoord=Judo	http://web.archive.org/web/20191130195250/https://www.literatuurplein.nl/trefwoord?trefwoord=Judo	200	Klik
https://www.literatuurplein.nl/trefwoord.jsp?trefwoord=Kaas	http://web.archive.org/web/20191130195258/https://www.literatuurplein.nl/trefwoord?trefwoord=Kaas	200	Klik
https://www.literatuurplein.nl/trefwoord.jsp?trefwoord=Kalligrafie	http://web.archive.org/web/20191130195305/https://www.literatuurplein.nl/trefwoord?trefwoord=Kalligrafie	200	Klik
https://www.literatuurplein.nl/trefwoord.jsp?trefwoord=Kantklossen	http://web.archive.org/web/20191130195312/https://www.literatuurplein.nl/trefwoord?trefwoord=Kantklossen	200	Klik
https://www.literatuurplein.nl/trefwoord.jsp?trefwoord=Karelromans	http://web.archive.org/web/20191130195319/https://www.literatuurplein.nl/trefwoord?trefwoord=Karelromans	200	Klik
https://www.literatuurplein.nl/trefwoord.jsp?trefwoord=Katachtigen	http://web.archive.org/web/20191130195326/https://www.literatuurplein.nl/trefwoord?trefwoord=Katachtigen	200	Klik
https://www.literatuurplein.nl/trefwoord.jsp?trefwoord=Katten	http://web.archive.org/web/20191130195332/https://www.literatuurplein.nl/trefwoord?trefwoord=Katten	200	Klik
https://www.literatuurplein.nl/trefwoord.jsp?trefwoord=Kerstgedichten	http://web.archive.org/web/20191130195340/https://www.literatuurplein.nl/trefwoord?trefwoord=Kerstgedichten	200	Klik
https://www.literatuurplein.nl/trefwoord.jsp?trefwoord=Kerstkaarten	http://web.archive.org/web/20191130195347/https://www.literatuurplein.nl/trefwoord?trefwoord=Kerstkaarten	200	Klik
https://www.literatuurplein.nl/trefwoord.jsp?trefwoord=Kerstliederen, Religieuze liederen, Adventsliederen	http://web.archive.org/web/20191130195355/https://www.literatuurplein.nl/trefwoord?trefwoord=Kerstliederen,%20Religieuze%20liederen,%20Adventsliederen	200	Klik
https://www.literatuurplein.nl/trefwoord.jsp?trefwoord=Kerstverhalen	http://web.archive.org/web/20191130195402/https://www.literatuurplein.nl/trefwoord?trefwoord=Kerstverhalen	200	Klik
https://www.literatuurplein.nl/trefwoord.jsp?trefwoord=Kietelen	http://web.archive.org/web/20191130195409/https://www.literatuurplein.nl/trefwoord?trefwoord=Kietelen	200	Klik
https://www.literatuurplein.nl/trefwoord.jsp?trefwoord=Kinderarbeid	http://web.archive.org/web/20191130195415/https://www.literatuurplein.nl/trefwoord?trefwoord=Kinderarbeid	200	Klik
https://www.literatuurplein.nl/trefwoord.jsp?trefwoord=Kinderliedjes	http://web.archive.org/web/20191130195423/https://www.literatuurplein.nl/trefwoord?trefwoord=Kinderliedjes	200	Klik
https://www.literatuurplein.nl/trefwoord.jsp?trefwoord=Kindermishandeling	http://web.archive.org/web/20191130195429/https://www.literatuurplein.nl/trefwoord?trefwoord=Kindermishandeling	200	Klik
https://www.literatuurplein.nl/trefwoord.jsp?trefwoord=Kinderpsychologie	http://web.archive.org/web/20191130195436/https://www.literatuurplein.nl/trefwoord?trefwoord=Kinderpsychologie	200	Klik
https://www.literatuurplein.nl/trefwoord.jsp?trefwoord=Kindsoldaten	http://web.archive.org/web/20191130195443/https://www.literatuurplein.nl/trefwoord?trefwoord=Kindsoldaten	200	Klik
https://www.literatuurplein.nl/trefwoord.jsp?trefwoord=Kippen	http://web.archive.org/web/20191130195450/https://www.literatuurplein.nl/trefwoord?trefwoord=Kippen	200	Klik
https://www.literatuurplein.nl/trefwoord.jsp?trefwoord=Klederdrachten	http://web.archive.org/web/20191130195457/https://www.literatuurplein.nl/trefwoord?trefwoord=Klederdrachten	200	Klik
https://www.literatuurplein.nl/trefwoord.jsp?trefwoord=Kleurenleer	http://web.archive.org/web/20191130195505/https://www.literatuurplein.nl/trefwoord?trefwoord=Kleurenleer	200	Klik
https://www.literatuurplein.nl/trefwoord.jsp?trefwoord=Kleurenpsychologie	http://web.archive.org/web/20191130195512/https://www.literatuurplein.nl/trefwoord?trefwoord=Kleurenpsychologie	200	Klik
https://www.literatuurplein.nl/trefwoord.jsp?trefwoord=Klokken	http://web.archive.org/web/20191130195519/https://www.literatuurplein.nl/trefwoord?trefwoord=Klokken	200	Klik
https://www.literatuurplein.nl/trefwoord.jsp?trefwoord=Knipkunst	http://web.archive.org/web/20191130195526/https://www.literatuurplein.nl/trefwoord?trefwoord=Knipkunst	200	Klik
https://www.literatuurplein.nl/trefwoord.jsp?trefwoord=Knopen (touw)	http://web.archive.org/web/20191130195533/https://www.literatuurplein.nl/trefwoord?trefwoord=Knopen%20(touw)	200	Klik
https://www.literatuurplein.nl/trefwoord.jsp?trefwoord=KOPP-kinderen	http://web.archive.org/web/20191130195539/https://www.literatuurplein.nl/trefwoord?trefwoord=KOPP-kinderen	200	Klik
https://www.literatuurplein.nl/trefwoord.jsp?trefwoord=Koreaanse oorlog	http://web.archive.org/web/20191130195546/https://www.literatuurplein.nl/trefwoord?trefwoord=Koreaanse%20oorlog	200	Klik
https://www.literatuurplein.nl/trefwoord.jsp?trefwoord=Korfbal	http://web.archive.org/web/20191130195553/https://www.literatuurplein.nl/trefwoord?trefwoord=Korfbal	200	Klik
https://www.literatuurplein.nl/trefwoord.jsp?trefwoord=Kostprijsberekening	http://web.archive.org/web/20191130195600/https://www.literatuurplein.nl/trefwoord?trefwoord=Kostprijsberekening	200	Klik
https://www.literatuurplein.nl/trefwoord.jsp?trefwoord=Koude oorlog	http://web.archive.org/web/20191130195607/https://www.literatuurplein.nl/trefwoord?trefwoord=Koude%20oorlog	200	Klik
https://www.literatuurplein.nl/trefwoord.jsp?trefwoord=Krachtplaatsen	http://web.archive.org/web/20191130195614/https://www.literatuurplein.nl/trefwoord?trefwoord=Krachtplaatsen	200	Klik
https://www.literatuurplein.nl/trefwoord.jsp?trefwoord=Krijgsgeschiedenis	http://web.archive.org/web/20191130195621/https://www.literatuurplein.nl/trefwoord?trefwoord=Krijgsgeschiedenis	200	Klik
https://www.literatuurplein.nl/trefwoord.jsp?trefwoord=Kruissteken	http://web.archive.org/web/20191130195629/https://www.literatuurplein.nl/trefwoord?trefwoord=Kruissteken	200	Klik
https://www.literatuurplein.nl/trefwoord.jsp?trefwoord=Kunst	http://web.archive.org/web/20191130195635/https://www.literatuurplein.nl/trefwoord?trefwoord=Kunst	200	Klik
https://www.literatuurplein.nl/trefwoord.jsp?trefwoord=Kunstfilosofie	http://web.archive.org/web/20191130195643/https://www.literatuurplein.nl/trefwoord?trefwoord=Kunstfilosofie	200	Klik
https://www.literatuurplein.nl/trefwoord.jsp?trefwoord=Landmacht	http://web.archive.org/web/20191130195650/https://www.literatuurplein.nl/trefwoord?trefwoord=Landmacht	200	Klik
https://www.literatuurplein.nl/trefwoord.jsp?trefwoord=Lebensborn	http://web.archive.org/web/20191130195657/https://www.literatuurplein.nl/trefwoord?trefwoord=Lebensborn	200	Klik
https://www.literatuurplein.nl/trefwoord.jsp?trefwoord=Leeftijdsverschil	http://web.archive.org/web/20191130195704/https://www.literatuurplein.nl/trefwoord?trefwoord=Leeftijdsverschil	200	Klik
https://www.literatuurplein.nl/trefwoord.jsp?trefwoord=Lego	http://web.archive.org/web/20191130195711/https://www.literatuurplein.nl/trefwoord?trefwoord=Lego	200	Klik
https://www.literatuurplein.nl/trefwoord.jsp?trefwoord=Lesbische vrouwen	http://web.archive.org/web/20191130195718/https://www.literatuurplein.nl/trefwoord?trefwoord=Lesbische%20vrouwen	200	Klik
https://www.literatuurplein.nl/trefwoord.jsp?trefwoord=Levenskunst	http://web.archive.org/web/20191130195725/https://www.literatuurplein.nl/trefwoord?trefwoord=Levenskunst	200	Klik
https://www.literatuurplein.nl/trefwoord.jsp?trefwoord=Liefdesgedichten	http://web.archive.org/web/20191130195732/https://www.literatuurplein.nl/trefwoord?trefwoord=Liefdesgedichten	200	Klik
https://www.literatuurplein.nl/trefwoord.jsp?trefwoord=Loesje (actiegroep)	http://web.archive.org/web/20191130195739/https://www.literatuurplein.nl/trefwoord?trefwoord=Loesje%20(actiegroep)	200	Klik
https://www.literatuurplein.nl/trefwoord.jsp?trefwoord=Lord of the rings, The (film)	http://web.archive.org/web/20191130195747/https://www.literatuurplein.nl/trefwoord?trefwoord=Lord%20of%20the%20rings,%20The%20(film)	200	Klik
https://www.literatuurplein.nl/trefwoord.jsp?trefwoord=Loverboys	http://web.archive.org/web/20191130195753/https://www.literatuurplein.nl/trefwoord?trefwoord=Loverboys	200	Klik
https://www.literatuurplein.nl/trefwoord.jsp?trefwoord=Luchtverkeersleiding	http://web.archive.org/web/20191130195800/https://www.literatuurplein.nl/trefwoord?trefwoord=Luchtverkeersleiding	200	Klik
https://www.literatuurplein.nl/trefwoord.jsp?trefwoord=Maatschappijkritiek	http://web.archive.org/web/20191130195807/https://www.literatuurplein.nl/trefwoord?trefwoord=Maatschappijkritiek	200	Klik
https://www.literatuurplein.nl/trefwoord.jsp?trefwoord=Mandala	http://web.archive.org/web/20191130195815/https://www.literatuurplein.nl/trefwoord?trefwoord=Mandala	200	Klik
https://www.literatuurplein.nl/trefwoord.jsp?trefwoord=Mannen	http://web.archive.org/web/20191130195822/https://www.literatuurplein.nl/trefwoord?trefwoord=Mannen	200	Klik
https://www.literatuurplein.nl/trefwoord.jsp?trefwoord=Marineluchtvaartdienst	http://web.archive.org/web/20191130195830/https://www.literatuurplein.nl/trefwoord?trefwoord=Marineluchtvaartdienst	200	Klik
https://www.literatuurplein.nl/trefwoord.jsp?trefwoord=Marokkaanse meisjes	http://web.archive.org/web/20191130195837/https://www.literatuurplein.nl/trefwoord?trefwoord=Marokkaanse%20meisjes	200	Klik
https://www.literatuurplein.nl/trefwoord.jsp?trefwoord=Marokkaanse vrouwen	http://web.archive.org/web/20191130195844/https://www.literatuurplein.nl/trefwoord?trefwoord=Marokkaanse%20vrouwen	200	Klik
https://www.literatuurplein.nl/trefwoord.jsp?trefwoord=Marokko	http://web.archive.org/web/20191130195851/https://www.literatuurplein.nl/trefwoord?trefwoord=Marokko	200	Klik
https://www.literatuurplein.nl/trefwoord.jsp?trefwoord=Marsepein	http://web.archive.org/web/20191130195859/https://www.literatuurplein.nl/trefwoord?trefwoord=Marsepein	200	Klik
https://www.literatuurplein.nl/trefwoord.jsp?trefwoord=Masochisme	http://web.archive.org/web/20191130195905/https://www.literatuurplein.nl/trefwoord?trefwoord=Masochisme	200	Klik
https://www.literatuurplein.nl/trefwoord.jsp?trefwoord=Matrixorganisatie	http://web.archive.org/web/20191130195913/https://www.literatuurplein.nl/trefwoord?trefwoord=Matrixorganisatie	200	Klik
https://www.literatuurplein.nl/trefwoord.jsp?trefwoord=Meidagen (1940)	http://web.archive.org/web/20191130195920/https://www.literatuurplein.nl/trefwoord?trefwoord=Meidagen%20(1940)	200	Klik
https://www.literatuurplein.nl/trefwoord.jsp?trefwoord=Mercedes-Benz	http://web.archive.org/web/20191130195927/https://www.literatuurplein.nl/trefwoord?trefwoord=Mercedes-Benz	200	Klik
https://www.literatuurplein.nl/trefwoord.jsp?trefwoord=Merklappen	http://web.archive.org/web/20191130195934/https://www.literatuurplein.nl/trefwoord?trefwoord=Merklappen	200	Klik
https://www.literatuurplein.nl/trefwoord.jsp?trefwoord=Metaalbewerking	http://web.archive.org/web/20191130195941/https://www.literatuurplein.nl/trefwoord?trefwoord=Metaalbewerking	200	Klik
https://www.literatuurplein.nl/trefwoord.jsp?trefwoord=Meubelmaken	http://web.archive.org/web/20191130195948/https://www.literatuurplein.nl/trefwoord?trefwoord=Meubelmaken	200	Klik
https://www.literatuurplein.nl/trefwoord.jsp?trefwoord=Meubels	http://web.archive.org/web/20191130195955/https://www.literatuurplein.nl/trefwoord?trefwoord=Meubels	200	Klik
https://www.literatuurplein.nl/trefwoord.jsp?trefwoord=Meubelstofferen	http://web.archive.org/web/20191130200002/https://www.literatuurplein.nl/trefwoord?trefwoord=Meubelstofferen	200	Klik
https://www.literatuurplein.nl/trefwoord.jsp?trefwoord=Microscopie	http://web.archive.org/web/20191130200009/https://www.literatuurplein.nl/trefwoord?trefwoord=Microscopie	200	Klik
https://www.literatuurplein.nl/trefwoord.jsp?trefwoord=Middeleeuwse recepten	http://web.archive.org/web/20191130200017/https://www.literatuurplein.nl/trefwoord?trefwoord=Middeleeuwse%20recepten	200	Klik
https://www.literatuurplein.nl/trefwoord.jsp?trefwoord=Midlifecrisis	http://web.archive.org/web/20191130200024/https://www.literatuurplein.nl/trefwoord?trefwoord=Midlifecrisis	200	Klik
https://www.literatuurplein.nl/trefwoord.jsp?trefwoord=Minerva (auto)	http://web.archive.org/web/20191130200030/https://www.literatuurplein.nl/trefwoord?trefwoord=Minerva%20(auto)	200	Klik
https://www.literatuurplein.nl/trefwoord.jsp?trefwoord=Mishandeling	http://web.archive.org/web/20191130200040/https://www.literatuurplein.nl/trefwoord?trefwoord=Mishandeling	200	Klik
https://www.literatuurplein.nl/trefwoord.jsp?trefwoord=Mode, Geschiedenis	http://web.archive.org/web/20191130200047/https://www.literatuurplein.nl/trefwoord?trefwoord=Mode,%20Geschiedenis	200	Klik
https://www.literatuurplein.nl/trefwoord.jsp?trefwoord=Moeder-dochter relatie	http://web.archive.org/web/20191130200054/https://www.literatuurplein.nl/trefwoord?trefwoord=Moeder-dochter%20relatie	200	Klik
https://www.literatuurplein.nl/trefwoord.jsp?trefwoord=Moeder-zoon relatie	http://web.archive.org/web/20191130200101/https://www.literatuurplein.nl/trefwoord?trefwoord=Moeder-zoon%20relatie	200	Klik
https://www.literatuurplein.nl/trefwoord.jsp?trefwoord=Moeilijk lezende kinderen	http://web.archive.org/web/20191130200108/https://www.literatuurplein.nl/trefwoord?trefwoord=Moeilijk%20lezende%20kinderen	200	Klik
https://www.literatuurplein.nl/trefwoord.jsp?trefwoord=Mossad	http://web.archive.org/web/20191130200115/https://www.literatuurplein.nl/trefwoord?trefwoord=Mossad	200	Klik
https://www.literatuurplein.nl/trefwoord.jsp?trefwoord=Motorcross	http://web.archive.org/web/20191130200122/https://www.literatuurplein.nl/trefwoord?trefwoord=Motorcross	200	Klik
https://www.literatuurplein.nl/trefwoord.jsp?trefwoord=Motorfietstechniek	http://web.archive.org/web/20191130200129/https://www.literatuurplein.nl/trefwoord?trefwoord=Motorfietstechniek	200	Klik
https://www.literatuurplein.nl/trefwoord.jsp?trefwoord=Munten	http://web.archive.org/web/20191130200136/https://www.literatuurplein.nl/trefwoord?trefwoord=Munten	200	Klik
https://www.literatuurplein.nl/trefwoord.jsp?trefwoord=Naaipatronen	http://web.archive.org/web/20191130200143/https://www.literatuurplein.nl/trefwoord?trefwoord=Naaipatronen	200	Klik
https://www.literatuurplein.nl/trefwoord.jsp?trefwoord=Naakt	http://web.archive.org/web/20191130200150/https://www.literatuurplein.nl/trefwoord?trefwoord=Naakt	200	Klik
https://www.literatuurplein.nl/trefwoord.jsp?trefwoord=Naaktfotografie	http://web.archive.org/web/20191130200156/https://www.literatuurplein.nl/trefwoord?trefwoord=Naaktfotografie	200	Klik
https://www.literatuurplein.nl/trefwoord.jsp?trefwoord=Naaldkant	http://web.archive.org/web/20191130200204/https://www.literatuurplein.nl/trefwoord?trefwoord=Naaldkant	200	Klik
https://www.literatuurplein.nl/trefwoord.jsp?trefwoord=Napoleontische oorlogen	http://web.archive.org/web/20191130200211/https://www.literatuurplein.nl/trefwoord?trefwoord=Napoleontische%20oorlogen	200	Klik
https://www.literatuurplein.nl/trefwoord.jsp?trefwoord=Natuurgeneeswijze	http://web.archive.org/web/20191130200218/https://www.literatuurplein.nl/trefwoord?trefwoord=Natuurgeneeswijze	200	Klik
https://www.literatuurplein.nl/trefwoord.jsp?trefwoord=Natuurrampen	http://web.archive.org/web/20191130200225/https://www.literatuurplein.nl/trefwoord?trefwoord=Natuurrampen	200	Klik
https://www.literatuurplein.nl/trefwoord.jsp?trefwoord=Nederland, Schilderessen, Nederland, Schilders	http://web.archive.org/web/20191130200232/https://www.literatuurplein.nl/trefwoord?trefwoord=Nederland,%20Schilderessen,%20Nederland,%20Schilders	200	Klik
https://www.literatuurplein.nl/trefwoord.jsp?trefwoord=Nederlandse Antillen, Gedichten, Opstellen, Antilliaanse letterkunde, Papiamento, Verhalen	http://web.archive.org/web/20191130200238/https://www.literatuurplein.nl/trefwoord?trefwoord=Nederlandse%20Antillen,%20Gedichten,%20Opstellen,%20Antilliaanse%20letterkunde,%20Papiamento,%20Verhalen	200	Klik
https://www.literatuurplein.nl/trefwoord.jsp?trefwoord=Nederlandse schrijfsters	http://web.archive.org/web/20191130200246/https://www.literatuurplein.nl/trefwoord?trefwoord=Nederlandse%20schrijfsters	200	Klik
https://www.literatuurplein.nl/trefwoord.jsp?trefwoord=Netwerktheorie	http://web.archive.org/web/20191130200253/https://www.literatuurplein.nl/trefwoord?trefwoord=Netwerktheorie	200	Klik
https://www.literatuurplein.nl/trefwoord.jsp?trefwoord=Nikon (fotocamera)	http://web.archive.org/web/20191130200300/https://www.literatuurplein.nl/trefwoord?trefwoord=Nikon%20(fotocamera)	200	Klik
https://www.literatuurplein.nl/trefwoord.jsp?trefwoord=Nonsensgedichten	http://web.archive.org/web/20191130200308/https://www.literatuurplein.nl/trefwoord?trefwoord=Nonsensgedichten	200	Klik
https://www.literatuurplein.nl/trefwoord.jsp?trefwoord=Numerologie	http://web.archive.org/web/20191130200315/https://www.literatuurplein.nl/trefwoord?trefwoord=Numerologie	200	Klik
https://www.literatuurplein.nl/trefwoord.jsp?trefwoord=Oedipuscomplex	http://web.archive.org/web/20191130200323/https://www.literatuurplein.nl/trefwoord?trefwoord=Oedipuscomplex	200	Klik
https://www.literatuurplein.nl/trefwoord.jsp?trefwoord=Olieverfschilderen	http://web.archive.org/web/20191130200330/https://www.literatuurplein.nl/trefwoord?trefwoord=Olieverfschilderen	200	Klik
https://www.literatuurplein.nl/trefwoord.jsp?trefwoord=Omgangskunde	http://web.archive.org/web/20191130200337/https://www.literatuurplein.nl/trefwoord?trefwoord=Omgangskunde	200	Klik
https://www.literatuurplein.nl/trefwoord.jsp?trefwoord=Omgevingspsychologie	http://web.archive.org/web/20191130200344/https://www.literatuurplein.nl/trefwoord?trefwoord=Omgevingspsychologie	200	Klik
https://www.literatuurplein.nl/trefwoord.jsp?trefwoord=Onderscheidingen	http://web.archive.org/web/20191130200351/https://www.literatuurplein.nl/trefwoord?trefwoord=Onderscheidingen	200	Klik
https://www.literatuurplein.nl/trefwoord.jsp?trefwoord=Ongewenste intimiteiten	http://web.archive.org/web/20191130200358/https://www.literatuurplein.nl/trefwoord?trefwoord=Ongewenste%20intimiteiten	200	Klik
https://www.literatuurplein.nl/trefwoord.jsp?trefwoord=Ontlasting	http://web.archive.org/web/20191130200405/https://www.literatuurplein.nl/trefwoord?trefwoord=Ontlasting	200	Klik
https://www.literatuurplein.nl/trefwoord.jsp?trefwoord=Operatie Market Garden	http://web.archive.org/web/20191130200413/https://www.literatuurplein.nl/trefwoord?trefwoord=Operatie%20Market%20Garden	200	Klik
https://www.literatuurplein.nl/trefwoord.jsp?trefwoord=Origami	http://web.archive.org/web/20191130200420/https://www.literatuurplein.nl/trefwoord?trefwoord=Origami	200	Klik
https://www.literatuurplein.nl/trefwoord.jsp?trefwoord=Ouder-kind relatie	http://web.archive.org/web/20191130200427/https://www.literatuurplein.nl/trefwoord?trefwoord=Ouder-kind%20relatie	200	Klik
https://www.literatuurplein.nl/trefwoord.jsp?trefwoord=Overlevingstechnieken	http://web.archive.org/web/20191130200436/https://www.literatuurplein.nl/trefwoord?trefwoord=Overlevingstechnieken	200	Klik
https://www.literatuurplein.nl/trefwoord.jsp?trefwoord=Paasgedichten	http://web.archive.org/web/20191130200442/https://www.literatuurplein.nl/trefwoord?trefwoord=Paasgedichten	200	Klik
https://www.literatuurplein.nl/trefwoord.jsp?trefwoord=Paddenstoelen	http://web.archive.org/web/20191130200450/https://www.literatuurplein.nl/trefwoord?trefwoord=Paddenstoelen	200	Klik
https://www.literatuurplein.nl/trefwoord.jsp?trefwoord=Paddestoelen	http://web.archive.org/web/20191130200456/https://www.literatuurplein.nl/trefwoord?trefwoord=Paddestoelen	200	Klik
https://www.literatuurplein.nl/trefwoord.jsp?trefwoord=Paleografie	http://web.archive.org/web/20191130200504/https://www.literatuurplein.nl/trefwoord?trefwoord=Paleografie	200	Klik
https://www.literatuurplein.nl/trefwoord.jsp?trefwoord=Paleontologie	http://web.archive.org/web/20191130200511/https://www.literatuurplein.nl/trefwoord?trefwoord=Paleontologie	200	Klik
https://www.literatuurplein.nl/trefwoord.jsp?trefwoord=Paranormale verschijnselen	http://web.archive.org/web/20191130200518/https://www.literatuurplein.nl/trefwoord?trefwoord=Paranormale%20verschijnselen	200	Klik
https://www.literatuurplein.nl/trefwoord.jsp?trefwoord=Partnerruil	http://web.archive.org/web/20191130200526/https://www.literatuurplein.nl/trefwoord?trefwoord=Partnerruil	200	Klik
https://www.literatuurplein.nl/trefwoord.jsp?trefwoord=Pasteltekenen	http://web.archive.org/web/20191130200533/https://www.literatuurplein.nl/trefwoord?trefwoord=Pasteltekenen	200	Klik
https://www.literatuurplein.nl/trefwoord.jsp?trefwoord=Patchwork	http://web.archive.org/web/20191130200540/https://www.literatuurplein.nl/trefwoord?trefwoord=Patchwork	200	Klik
https://www.literatuurplein.nl/trefwoord.jsp?trefwoord=Patroontekenen	http://web.archive.org/web/20191130200548/https://www.literatuurplein.nl/trefwoord?trefwoord=Patroontekenen	200	Klik
https://www.literatuurplein.nl/trefwoord.jsp?trefwoord=Pedofilie	http://web.archive.org/web/20191130200556/https://www.literatuurplein.nl/trefwoord?trefwoord=Pedofilie	200	Klik
https://www.literatuurplein.nl/trefwoord.jsp?trefwoord=Penissen	http://web.archive.org/web/20191130200603/https://www.literatuurplein.nl/trefwoord?trefwoord=Penissen	200	Klik
https://www.literatuurplein.nl/trefwoord.jsp?trefwoord=Penningen	http://web.archive.org/web/20191130200610/https://www.literatuurplein.nl/trefwoord?trefwoord=Penningen	200	Klik
https://www.literatuurplein.nl/trefwoord.jsp?trefwoord=Pentekenen	http://web.archive.org/web/20191130200617/https://www.literatuurplein.nl/trefwoord?trefwoord=Pentekenen	200	Klik
https://www.literatuurplein.nl/trefwoord.jsp?trefwoord=Perspectieftekenen	http://web.archive.org/web/20191130200624/https://www.literatuurplein.nl/trefwoord?trefwoord=Perspectieftekenen	200	Klik
https://www.literatuurplein.nl/trefwoord.jsp?trefwoord=Peulvruchten	http://web.archive.org/web/20191130200631/https://www.literatuurplein.nl/trefwoord?trefwoord=Peulvruchten	200	Klik
https://www.literatuurplein.nl/trefwoord.jsp?trefwoord=Planten vermeerderen	http://web.archive.org/web/20191130200638/https://www.literatuurplein.nl/trefwoord?trefwoord=Planten%20vermeerderen	200	Klik
https://www.literatuurplein.nl/trefwoord.jsp?trefwoord=Poppen	http://web.archive.org/web/20191130200646/https://www.literatuurplein.nl/trefwoord?trefwoord=Poppen	200	Klik
https://www.literatuurplein.nl/trefwoord.jsp?trefwoord=Poppenhuizen	http://web.archive.org/web/20191130200653/https://www.literatuurplein.nl/trefwoord?trefwoord=Poppenhuizen	200	Klik
https://www.literatuurplein.nl/trefwoord.jsp?trefwoord=Poppenkleren	http://web.archive.org/web/20191130200700/https://www.literatuurplein.nl/trefwoord?trefwoord=Poppenkleren	200	Klik
https://www.literatuurplein.nl/trefwoord.jsp?trefwoord=Pornografische films	http://web.archive.org/web/20191130200707/https://www.literatuurplein.nl/trefwoord?trefwoord=Pornografische%20films	200	Klik
https://www.literatuurplein.nl/trefwoord.jsp?trefwoord=Porsche	http://web.archive.org/web/20191130200715/https://www.literatuurplein.nl/trefwoord?trefwoord=Porsche	200	Klik
https://www.literatuurplein.nl/trefwoord.jsp?trefwoord=Portretschilderen	http://web.archive.org/web/20191130200721/https://www.literatuurplein.nl/trefwoord?trefwoord=Portretschilderen	200	Klik
https://www.literatuurplein.nl/trefwoord.jsp?trefwoord=Portrettekenen	http://web.archive.org/web/20191130200729/https://www.literatuurplein.nl/trefwoord?trefwoord=Portrettekenen	200	Klik
https://www.literatuurplein.nl/trefwoord.jsp?trefwoord=Pottenbakken	http://web.archive.org/web/20191130200736/https://www.literatuurplein.nl/trefwoord?trefwoord=Pottenbakken	200	Klik
https://www.literatuurplein.nl/trefwoord.jsp?trefwoord=Prehistorische dieren	http://web.archive.org/web/20191130200743/https://www.literatuurplein.nl/trefwoord?trefwoord=Prehistorische%20dieren	200	Klik
https://www.literatuurplein.nl/trefwoord.jsp?trefwoord=Presley, Elvis	http://web.archive.org/web/20191130200750/https://www.literatuurplein.nl/trefwoord?trefwoord=Presley,%20Elvis	200	Klik
https://www.literatuurplein.nl/trefwoord.jsp?trefwoord=Probleemjongeren	http://web.archive.org/web/20191130200758/https://www.literatuurplein.nl/trefwoord?trefwoord=Probleemjongeren	200	Klik
https://www.literatuurplein.nl/trefwoord.jsp?trefwoord=Prostitutie	http://web.archive.org/web/20191130200805/https://www.literatuurplein.nl/trefwoord?trefwoord=Prostitutie	200	Klik
https://www.literatuurplein.nl/trefwoord.jsp?trefwoord=Psychiatrisch Centrum St. Bavo (Noordwijkerhout)	http://web.archive.org/web/20191130200812/https://www.literatuurplein.nl/trefwoord?trefwoord=Psychiatrisch%20Centrum%20St.%20Bavo%20(Noordwijkerhout)	200	Klik
https://www.literatuurplein.nl/trefwoord.jsp?trefwoord=Psychiatrisch Ziekenhuis Sancta Maria (Noordwijk)	http://web.archive.org/web/20191130200819/https://www.literatuurplein.nl/trefwoord?trefwoord=Psychiatrisch%20Ziekenhuis%20Sancta%20Maria%20(Noordwijk)	200	Klik
https://www.literatuurplein.nl/trefwoord.jsp?trefwoord=Puberteit, Jongens	http://web.archive.org/web/20191130200825/https://www.literatuurplein.nl/trefwoord?trefwoord=Puberteit,%20Jongens	200	Klik
https://www.literatuurplein.nl/trefwoord.jsp?trefwoord=Puberteit, Meisjes	http://web.archive.org/web/20191130200832/https://www.literatuurplein.nl/trefwoord?trefwoord=Puberteit,%20Meisjes	200	Klik
https://www.literatuurplein.nl/trefwoord.jsp?trefwoord=Punniken	http://web.archive.org/web/20191130200840/https://www.literatuurplein.nl/trefwoord?trefwoord=Punniken	200	Klik
https://www.literatuurplein.nl/trefwoord.jsp?trefwoord=Quilten	http://web.archive.org/web/20191130200847/https://www.literatuurplein.nl/trefwoord?trefwoord=Quilten	200	Klik
https://www.literatuurplein.nl/trefwoord.jsp?trefwoord=Quizvragen	http://web.archive.org/web/20191130200854/https://www.literatuurplein.nl/trefwoord?trefwoord=Quizvragen	200	Klik
https://www.literatuurplein.nl/trefwoord.jsp?trefwoord=Racisme	http://web.archive.org/web/20191130200901/https://www.literatuurplein.nl/trefwoord?trefwoord=Racisme	200	Klik
https://www.literatuurplein.nl/trefwoord.jsp?trefwoord=Radiotechniek	http://web.archive.org/web/20191130200908/https://www.literatuurplein.nl/trefwoord?trefwoord=Radiotechniek	200	Klik
https://www.literatuurplein.nl/trefwoord.jsp?trefwoord=Recht	http://web.archive.org/web/20191130200915/https://www.literatuurplein.nl/trefwoord?trefwoord=Recht	200	Klik
https://www.literatuurplein.nl/trefwoord.jsp?trefwoord=Reflexzonetherapie	http://web.archive.org/web/20191130200922/https://www.literatuurplein.nl/trefwoord?trefwoord=Reflexzonetherapie	200	Klik
https://www.literatuurplein.nl/trefwoord.jsp?trefwoord=Regeltechniek	http://web.archive.org/web/20191130200929/https://www.literatuurplein.nl/trefwoord?trefwoord=Regeltechniek	200	Klik
https://www.literatuurplein.nl/trefwoord.jsp?trefwoord=Reiki	http://web.archive.org/web/20191130200936/https://www.literatuurplein.nl/trefwoord?trefwoord=Reiki	200	Klik
https://www.literatuurplein.nl/trefwoord.jsp?trefwoord=Reisbeschrijvingen	http://web.archive.org/web/20191130200943/https://www.literatuurplein.nl/trefwoord?trefwoord=Reisbeschrijvingen	200	Klik
https://www.literatuurplein.nl/trefwoord.jsp?trefwoord=Relatiebemiddeling	http://web.archive.org/web/20191130200954/https://www.literatuurplein.nl/trefwoord?trefwoord=Relatiebemiddeling	200	Klik
https://www.literatuurplein.nl/trefwoord.jsp?trefwoord=Religieuze kinderliedjes	http://web.archive.org/web/20191130201001/https://www.literatuurplein.nl/trefwoord?trefwoord=Religieuze%20kinderliedjes	200	Klik
https://www.literatuurplein.nl/trefwoord.jsp?trefwoord=Remedial teaching	http://web.archive.org/web/20191130201008/https://www.literatuurplein.nl/trefwoord?trefwoord=Remedial%20teaching	200	Klik
https://www.literatuurplein.nl/trefwoord.jsp?trefwoord=Rijmvertellingen	http://web.archive.org/web/20191130201015/https://www.literatuurplein.nl/trefwoord?trefwoord=Rijmvertellingen	200	Klik
https://www.literatuurplein.nl/trefwoord.jsp?trefwoord=Riphagen, Dries	http://web.archive.org/web/20191130201022/https://www.literatuurplein.nl/trefwoord?trefwoord=Riphagen,%20Dries	200	Klik
https://www.literatuurplein.nl/trefwoord.jsp?trefwoord=Risicomanagement	http://web.archive.org/web/20191130201029/https://www.literatuurplein.nl/trefwoord?trefwoord=Risicomanagement	200	Klik
https://www.literatuurplein.nl/trefwoord.jsp?trefwoord=Rotstuinen	http://web.archive.org/web/20191130201036/https://www.literatuurplein.nl/trefwoord?trefwoord=Rotstuinen	200	Klik
https://www.literatuurplein.nl/trefwoord.jsp?trefwoord=Rouwproces	http://web.archive.org/web/20191130201043/https://www.literatuurplein.nl/trefwoord?trefwoord=Rouwproces	200	Klik
https://www.literatuurplein.nl/trefwoord.jsp?trefwoord=Rozen	http://web.archive.org/web/20191130201050/https://www.literatuurplein.nl/trefwoord?trefwoord=Rozen	200	Klik
https://www.literatuurplein.nl/trefwoord.jsp?trefwoord=Sadomasochisme	http://web.archive.org/web/20191130201057/https://www.literatuurplein.nl/trefwoord?trefwoord=Sadomasochisme	200	Klik
https://www.literatuurplein.nl/trefwoord.jsp?trefwoord=Schaakproblemen	http://web.archive.org/web/20191130201104/https://www.literatuurplein.nl/trefwoord?trefwoord=Schaakproblemen	200	Klik
https://www.literatuurplein.nl/trefwoord.jsp?trefwoord=Scheepsrampen	http://web.archive.org/web/20191130201111/https://www.literatuurplein.nl/trefwoord?trefwoord=Scheepsrampen	200	Klik
https://www.literatuurplein.nl/trefwoord.jsp?trefwoord=Schelpen	http://web.archive.org/web/20191130201117/https://www.literatuurplein.nl/trefwoord?trefwoord=Schelpen	200	Klik
https://www.literatuurplein.nl/trefwoord.jsp?trefwoord=Schiemanswerk	http://web.archive.org/web/20191130201124/https://www.literatuurplein.nl/trefwoord?trefwoord=Schiemanswerk	200	Klik
https://www.literatuurplein.nl/trefwoord.jsp?trefwoord=Schilderen, Kleuren	http://web.archive.org/web/20191130201132/https://www.literatuurplein.nl/trefwoord?trefwoord=Schilderen,%20Kleuren	200	Klik
https://www.literatuurplein.nl/trefwoord.jsp?trefwoord=Schildermaterialen	http://web.archive.org/web/20191130201138/https://www.literatuurplein.nl/trefwoord?trefwoord=Schildermaterialen	200	Klik
https://www.literatuurplein.nl/trefwoord.jsp?trefwoord=Seksualiteit	http://web.archive.org/web/20191130201145/https://www.literatuurplein.nl/trefwoord?trefwoord=Seksualiteit	200	Klik
https://www.literatuurplein.nl/trefwoord.jsp?trefwoord=Seksuele voorlichting	http://web.archive.org/web/20191130201152/https://www.literatuurplein.nl/trefwoord?trefwoord=Seksuele%20voorlichting	200	Klik
https://www.literatuurplein.nl/trefwoord.jsp?trefwoord=Sierduiven	http://web.archive.org/web/20191130201159/https://www.literatuurplein.nl/trefwoord?trefwoord=Sierduiven	200	Klik
https://www.literatuurplein.nl/trefwoord.jsp?trefwoord=Sigaren	http://web.archive.org/web/20191130201206/https://www.literatuurplein.nl/trefwoord?trefwoord=Sigaren	200	Klik
https://www.literatuurplein.nl/trefwoord.jsp?trefwoord=Slag om Engeland	http://web.archive.org/web/20191130201213/https://www.literatuurplein.nl/trefwoord?trefwoord=Slag%20om%20Engeland	200	Klik
https://www.literatuurplein.nl/trefwoord.jsp?trefwoord=Slavernij	http://web.archive.org/web/20191130201220/https://www.literatuurplein.nl/trefwoord?trefwoord=Slavernij	200	Klik
https://www.literatuurplein.nl/trefwoord.jsp?trefwoord=Sleutelromans	http://web.archive.org/web/20191130201227/https://www.literatuurplein.nl/trefwoord?trefwoord=Sleutelromans	200	Klik
https://www.literatuurplein.nl/trefwoord.jsp?trefwoord=Sluikreclame	http://web.archive.org/web/20191130201234/https://www.literatuurplein.nl/trefwoord?trefwoord=Sluikreclame	200	Klik
https://www.literatuurplein.nl/trefwoord.jsp?trefwoord=Snoeien	http://web.archive.org/web/20191130201242/https://www.literatuurplein.nl/trefwoord?trefwoord=Snoeien	200	Klik
https://www.literatuurplein.nl/trefwoord.jsp?trefwoord=Songteksten	http://web.archive.org/web/20191130201249/https://www.literatuurplein.nl/trefwoord?trefwoord=Songteksten	200	Klik
https://www.literatuurplein.nl/trefwoord.jsp?trefwoord=Spaanse taal, Grammatica	http://web.archive.org/web/20191130201256/https://www.literatuurplein.nl/trefwoord?trefwoord=Spaanse%20taal,%20Grammatica	200	Klik
https://www.literatuurplein.nl/trefwoord.jsp?trefwoord=Speltherapie	http://web.archive.org/web/20191130201303/https://www.literatuurplein.nl/trefwoord?trefwoord=Speltherapie	200	Klik
https://www.literatuurplein.nl/trefwoord.jsp?trefwoord=Spoken	http://web.archive.org/web/20191130201311/https://www.literatuurplein.nl/trefwoord?trefwoord=Spoken	200	Klik
https://www.literatuurplein.nl/trefwoord.jsp?trefwoord=Spoorwegmodelbouw	http://web.archive.org/web/20191130201317/https://www.literatuurplein.nl/trefwoord?trefwoord=Spoorwegmodelbouw	200	Klik
https://www.literatuurplein.nl/trefwoord.jsp?trefwoord=Sporen (dier)	http://web.archive.org/web/20191130201324/https://www.literatuurplein.nl/trefwoord?trefwoord=Sporen%20(dier)	200	Klik
https://www.literatuurplein.nl/trefwoord.jsp?trefwoord=Spreekwoorden	http://web.archive.org/web/20191130201332/https://www.literatuurplein.nl/trefwoord?trefwoord=Spreekwoorden	200	Klik
https://www.literatuurplein.nl/trefwoord.jsp?trefwoord=SQL (programmeertaal)	http://web.archive.org/web/20191130201338/https://www.literatuurplein.nl/trefwoord?trefwoord=SQL%20(programmeertaal)	200	Klik
https://www.literatuurplein.nl/trefwoord.jsp?trefwoord=Stapelverhalen	http://web.archive.org/web/20191130201345/https://www.literatuurplein.nl/trefwoord?trefwoord=Stapelverhalen	200	Klik
https://www.literatuurplein.nl/trefwoord.jsp?trefwoord=Stoomlocomotieven	http://web.archive.org/web/20191130201352/https://www.literatuurplein.nl/trefwoord?trefwoord=Stoomlocomotieven	200	Klik
https://www.literatuurplein.nl/trefwoord.jsp?trefwoord=Straatkinderen	http://web.archive.org/web/20191130201359/https://www.literatuurplein.nl/trefwoord?trefwoord=Straatkinderen	200	Klik
https://www.literatuurplein.nl/trefwoord.jsp?trefwoord=Surinaamse recepten	http://web.archive.org/web/20191130201406/https://www.literatuurplein.nl/trefwoord?trefwoord=Surinaamse%20recepten	200	Klik
https://www.literatuurplein.nl/trefwoord.jsp?trefwoord=Suriname	http://web.archive.org/web/20191130201414/https://www.literatuurplein.nl/trefwoord?trefwoord=Suriname	200	Klik
https://www.literatuurplein.nl/trefwoord.jsp?trefwoord=Systeemtheorie	http://web.archive.org/web/20191130201421/https://www.literatuurplein.nl/trefwoord?trefwoord=Systeemtheorie	200	Klik
https://www.literatuurplein.nl/trefwoord.jsp?trefwoord=Tafeltennis	http://web.archive.org/web/20191130201429/https://www.literatuurplein.nl/trefwoord?trefwoord=Tafeltennis	200	Klik
https://www.literatuurplein.nl/trefwoord.jsp?trefwoord=Tai chi	http://web.archive.org/web/20191130201436/https://www.literatuurplein.nl/trefwoord?trefwoord=Tai%20chi	200	Klik
https://www.literatuurplein.nl/trefwoord.jsp?trefwoord=Tanden wisselen	http://web.archive.org/web/20191130201443/https://www.literatuurplein.nl/trefwoord?trefwoord=Tanden%20wisselen	200	Klik
https://www.literatuurplein.nl/trefwoord.jsp?trefwoord=Teksten, Stand-up comedy	http://web.archive.org/web/20191130201450/https://www.literatuurplein.nl/trefwoord?trefwoord=Teksten,%20Stand-up%20comedy	200	Klik
https://www.literatuurplein.nl/trefwoord.jsp?trefwoord=Tekstloze prentenboeken	http://web.archive.org/web/20191130201457/https://www.literatuurplein.nl/trefwoord?trefwoord=Tekstloze%20prentenboeken	200	Klik
https://www.literatuurplein.nl/trefwoord.jsp?trefwoord=Tennis	http://web.archive.org/web/20191130201504/https://www.literatuurplein.nl/trefwoord?trefwoord=Tennis	200	Klik
https://www.literatuurplein.nl/trefwoord.jsp?trefwoord=Tentoonstellingscatalogi	http://web.archive.org/web/20191130201511/https://www.literatuurplein.nl/trefwoord?trefwoord=Tentoonstellingscatalogi	200	Klik
https://www.literatuurplein.nl/trefwoord.jsp?trefwoord=Tentoonstellingscatalogi, Jan van, Vucht Tijssen	http://web.archive.org/web/20191130201518/https://www.literatuurplein.nl/trefwoord?trefwoord=Tentoonstellingscatalogi,%20Jan%20van,%20Vucht%20Tijssen	200	Klik
https://www.literatuurplein.nl/trefwoord.jsp?trefwoord=Thaise recepten	http://web.archive.org/web/20191130201525/https://www.literatuurplein.nl/trefwoord?trefwoord=Thaise%20recepten	200	Klik
https://www.literatuurplein.nl/trefwoord.jsp?trefwoord=Theezakjes	http://web.archive.org/web/20191130201532/https://www.literatuurplein.nl/trefwoord?trefwoord=Theezakjes	200	Klik
https://www.literatuurplein.nl/trefwoord.jsp?trefwoord=Tibetaanse geneeskunde	http://web.archive.org/web/20191130201539/https://www.literatuurplein.nl/trefwoord?trefwoord=Tibetaanse%20geneeskunde	200	Klik
https://www.literatuurplein.nl/trefwoord.jsp?trefwoord=Tienermoeders	http://web.archive.org/web/20191130201545/https://www.literatuurplein.nl/trefwoord?trefwoord=Tienermoeders	200	Klik
https://www.literatuurplein.nl/trefwoord.jsp?trefwoord=Tijdreizen	http://web.archive.org/web/20191130201552/https://www.literatuurplein.nl/trefwoord?trefwoord=Tijdreizen	200	Klik
https://www.literatuurplein.nl/trefwoord.jsp?trefwoord=Tomaten	http://web.archive.org/web/20191130201600/https://www.literatuurplein.nl/trefwoord?trefwoord=Tomaten	200	Klik
https://www.literatuurplein.nl/trefwoord.jsp?trefwoord=Tractoren	http://web.archive.org/web/20191130201607/https://www.literatuurplein.nl/trefwoord?trefwoord=Tractoren	200	Klik
https://www.literatuurplein.nl/trefwoord.jsp?trefwoord=Travestie	http://web.archive.org/web/20191130201614/https://www.literatuurplein.nl/trefwoord?trefwoord=Travestie	200	Klik
https://www.literatuurplein.nl/trefwoord.jsp?trefwoord=Trimmen (hond)	http://web.archive.org/web/20191130201621/https://www.literatuurplein.nl/trefwoord?trefwoord=Trimmen%20(hond)	200	Klik
https://www.literatuurplein.nl/trefwoord.jsp?trefwoord=Tropische zeeaquaria	http://web.archive.org/web/20191130201631/https://www.literatuurplein.nl/trefwoord?trefwoord=Tropische%20zeeaquaria	200	Klik
https://www.literatuurplein.nl/trefwoord.jsp?trefwoord=Turnen	http://web.archive.org/web/20191130201637/https://www.literatuurplein.nl/trefwoord?trefwoord=Turnen	200	Klik
https://www.literatuurplein.nl/trefwoord.jsp?trefwoord=Tweelingen	http://web.archive.org/web/20191130201645/https://www.literatuurplein.nl/trefwoord?trefwoord=Tweelingen	200	Klik
https://www.literatuurplein.nl/trefwoord.jsp?trefwoord=Uittrekselboeken	http://web.archive.org/web/20191130201652/https://www.literatuurplein.nl/trefwoord?trefwoord=Uittrekselboeken	200	Klik
https://www.literatuurplein.nl/trefwoord.jsp?trefwoord=Vader-dochter relatie	http://web.archive.org/web/20191130201658/https://www.literatuurplein.nl/trefwoord?trefwoord=Vader-dochter%20relatie	200	Klik
https://www.literatuurplein.nl/trefwoord.jsp?trefwoord=Vader-zoon relatie	http://web.archive.org/web/20191130201705/https://www.literatuurplein.nl/trefwoord?trefwoord=Vader-zoon%20relatie	200	Klik
https://www.literatuurplein.nl/trefwoord.jsp?trefwoord=Verenigde Staten	http://web.archive.org/web/20191130201712/https://www.literatuurplein.nl/trefwoord?trefwoord=Verenigde%20Staten	200	Klik
https://www.literatuurplein.nl/trefwoord.jsp?trefwoord=Vergadertechniek	http://web.archive.org/web/20191130201720/https://www.literatuurplein.nl/trefwoord?trefwoord=Vergadertechniek	200	Klik
https://www.literatuurplein.nl/trefwoord.jsp?trefwoord=Verhalen	http://web.archive.org/web/20191130201727/https://www.literatuurplein.nl/trefwoord?trefwoord=Verhalen	200	Klik
https://www.literatuurplein.nl/trefwoord.jsp?trefwoord=Verhalen over niet-westerse culturen en volken	http://web.archive.org/web/20191130201734/https://www.literatuurplein.nl/trefwoord?trefwoord=Verhalen%20over%20niet-westerse%20culturen%20en%20volken	200	Klik
https://www.literatuurplein.nl/trefwoord.jsp?trefwoord=Verliefdheid	http://web.archive.org/web/20191130201741/https://www.literatuurplein.nl/trefwoord?trefwoord=Verliefdheid	200	Klik
https://www.literatuurplein.nl/trefwoord.jsp?trefwoord=Verspanende metaalbewerking	http://web.archive.org/web/20191130201748/https://www.literatuurplein.nl/trefwoord?trefwoord=Verspanende%20metaalbewerking	200	Klik
https://www.literatuurplein.nl/trefwoord.jsp?trefwoord=Verstandelijk gehandicapten, Gebarentaal, Doven, Gebarentaal	http://web.archive.org/web/20191130201755/https://www.literatuurplein.nl/trefwoord?trefwoord=Verstandelijk%20gehandicapten,%20Gebarentaal,%20Doven,%20Gebarentaal	200	Klik
https://www.literatuurplein.nl/trefwoord.jsp?trefwoord=Versterkers	http://web.archive.org/web/20191130201802/https://www.literatuurplein.nl/trefwoord?trefwoord=Versterkers	200	Klik
https://www.literatuurplein.nl/trefwoord.jsp?trefwoord=Verzet	http://web.archive.org/web/20191130201809/https://www.literatuurplein.nl/trefwoord?trefwoord=Verzet	200	Klik
https://www.literatuurplein.nl/trefwoord.jsp?trefwoord=Vespasianus, T. Flavius (Romeins keizer)	http://web.archive.org/web/20191130201816/https://www.literatuurplein.nl/trefwoord?trefwoord=Vespasianus,%20T.%20Flavius%20(Romeins%20keizer)	200	Klik
https://www.literatuurplein.nl/trefwoord.jsp?trefwoord=Vietnam-oorlog	http://web.archive.org/web/20191130201823/https://www.literatuurplein.nl/trefwoord?trefwoord=Vietnam-oorlog	200	Klik
https://www.literatuurplein.nl/trefwoord.jsp?trefwoord=Vliegtuigrampen	http://web.archive.org/web/20191130201830/https://www.literatuurplein.nl/trefwoord?trefwoord=Vliegtuigrampen	200	Klik
https://www.literatuurplein.nl/trefwoord.jsp?trefwoord=Voetbaltraining	http://web.archive.org/web/20191130201838/https://www.literatuurplein.nl/trefwoord?trefwoord=Voetbaltraining	200	Klik
https://www.literatuurplein.nl/trefwoord.jsp?trefwoord=Volleybal	http://web.archive.org/web/20191130201845/https://www.literatuurplein.nl/trefwoord?trefwoord=Volleybal	200	Klik
https://www.literatuurplein.nl/trefwoord.jsp?trefwoord=Volvo	http://web.archive.org/web/20191130201852/https://www.literatuurplein.nl/trefwoord?trefwoord=Volvo	200	Klik
https://www.literatuurplein.nl/trefwoord.jsp?trefwoord=Vreemdelingenlegioen	http://web.archive.org/web/20191130201859/https://www.literatuurplein.nl/trefwoord?trefwoord=Vreemdelingenlegioen	200	Klik
https://www.literatuurplein.nl/trefwoord.jsp?trefwoord=Vriendschap	http://web.archive.org/web/20191130201906/https://www.literatuurplein.nl/trefwoord?trefwoord=Vriendschap	200	Klik
https://www.literatuurplein.nl/trefwoord.jsp?trefwoord=Vriendschap, Gedichten	http://web.archive.org/web/20191130201913/https://www.literatuurplein.nl/trefwoord?trefwoord=Vriendschap,%20Gedichten	200	Klik
https://www.literatuurplein.nl/trefwoord.jsp?trefwoord=Vrouwenemancipatie	http://web.archive.org/web/20191130201921/https://www.literatuurplein.nl/trefwoord?trefwoord=Vrouwenemancipatie	200	Klik
https://www.literatuurplein.nl/trefwoord.jsp?trefwoord=Vrouwenleven	http://web.archive.org/web/20191130201928/https://www.literatuurplein.nl/trefwoord?trefwoord=Vrouwenleven	200	Klik
https://www.literatuurplein.nl/trefwoord.jsp?trefwoord=Vrouwenmishandeling	http://web.archive.org/web/20191130201936/https://www.literatuurplein.nl/trefwoord?trefwoord=Vrouwenmishandeling	200	Klik
https://www.literatuurplein.nl/trefwoord.jsp?trefwoord=Wandeltochten	http://web.archive.org/web/20191130201943/https://www.literatuurplein.nl/trefwoord?trefwoord=Wandeltochten	200	Klik
https://www.literatuurplein.nl/trefwoord.jsp?trefwoord=Wandeltochten, Zuid-Limburg	http://web.archive.org/web/20191130201950/https://www.literatuurplein.nl/trefwoord?trefwoord=Wandeltochten,%20Zuid-Limburg	200	Klik
https://www.literatuurplein.nl/trefwoord.jsp?trefwoord=Wereldoorlog II	http://web.archive.org/web/20191130201957/https://www.literatuurplein.nl/trefwoord?trefwoord=Wereldoorlog%20II	200	Klik
https://www.literatuurplein.nl/trefwoord.jsp?trefwoord=Wet geneeskundige behandelingsovereenkomst	http://web.archive.org/web/20191130202004/https://www.literatuurplein.nl/trefwoord?trefwoord=Wet%20geneeskundige%20behandelingsovereenkomst	200	Klik
https://www.literatuurplein.nl/trefwoord.jsp?trefwoord=Whisky	http://web.archive.org/web/20191130202010/https://www.literatuurplein.nl/trefwoord?trefwoord=Whisky	200	Klik
https://www.literatuurplein.nl/trefwoord.jsp?trefwoord=Wielrennen, Gedichten	http://web.archive.org/web/20191130202019/https://www.literatuurplein.nl/trefwoord?trefwoord=Wielrennen,%20Gedichten	200	Klik
https://www.literatuurplein.nl/trefwoord.jsp?trefwoord=Wilde planten	http://web.archive.org/web/20191130202026/https://www.literatuurplein.nl/trefwoord?trefwoord=Wilde%20planten	200	Klik
https://www.literatuurplein.nl/trefwoord.jsp?trefwoord=Wilgentenen	http://web.archive.org/web/20191130202033/https://www.literatuurplein.nl/trefwoord?trefwoord=Wilgentenen	200	Klik
https://www.literatuurplein.nl/trefwoord.jsp?trefwoord=Wiskunde	http://web.archive.org/web/20191130202040/https://www.literatuurplein.nl/trefwoord?trefwoord=Wiskunde	200	Klik
https://www.literatuurplein.nl/trefwoord.jsp?trefwoord=Yogaoefeningen	http://web.archive.org/web/20191130202049/https://www.literatuurplein.nl/trefwoord?trefwoord=Yogaoefeningen	200	Klik
https://www.literatuurplein.nl/trefwoord.jsp?trefwoord=Zelfverdediging	http://web.archive.org/web/20191130202056/https://www.literatuurplein.nl/trefwoord?trefwoord=Zelfverdediging	200	Klik
https://www.literatuurplein.nl/trefwoord.jsp?trefwoord=Zelfverminking (mens)	http://web.archive.org/web/20191130202103/https://www.literatuurplein.nl/trefwoord?trefwoord=Zelfverminking%20(mens)	200	Klik
https://www.literatuurplein.nl/trefwoord.jsp?trefwoord=Zelfverwerkelijking	http://web.archive.org/web/20191130202110/https://www.literatuurplein.nl/trefwoord?trefwoord=Zelfverwerkelijking	200	Klik
https://www.literatuurplein.nl/trefwoord.jsp?trefwoord=Zeven Wereldwonderen	http://web.archive.org/web/20191130202117/https://www.literatuurplein.nl/trefwoord?trefwoord=Zeven%20Wereldwonderen	200	Klik
https://www.literatuurplein.nl/trefwoord.jsp?trefwoord=Ziekte van Parkinson	http://web.archive.org/web/20191130202124/https://www.literatuurplein.nl/trefwoord?trefwoord=Ziekte%20van%20Parkinson	200	Klik
https://www.literatuurplein.nl/trefwoord.jsp?trefwoord=Zilvermerken	http://web.archive.org/web/20191130202131/https://www.literatuurplein.nl/trefwoord?trefwoord=Zilvermerken	200	Klik
https://www.literatuurplein.nl/trefwoord.jsp?trefwoord=Zilversmeedkunst	http://web.archive.org/web/20191130202138/https://www.literatuurplein.nl/trefwoord?trefwoord=Zilversmeedkunst	200	Klik
https://www.literatuurplein.nl/trefwoord.jsp?trefwoord=Zoekboeken	http://web.archive.org/web/20191130202146/https://www.literatuurplein.nl/trefwoord?trefwoord=Zoekboeken	200	Klik
https://www.literatuurplein.nl/trefwoord.jsp?trefwoord=Zoekplatenboeken	http://web.archive.org/web/20191130202153/https://www.literatuurplein.nl/trefwoord?trefwoord=Zoekplatenboeken	200	Klik
https://www.literatuurplein.nl/trefwoord.jsp?trefwoord=Zoutarme recepten	http://web.archive.org/web/20191130202200/https://www.literatuurplein.nl/trefwoord?trefwoord=Zoutarme%20recepten	200	Klik
https://www.literatuurplein.nl/trefwoord.jsp?trefwoord=Zuid-Molukkers	http://web.archive.org/web/20191130202207/https://www.literatuurplein.nl/trefwoord?trefwoord=Zuid-Molukkers	200	Klik
https://www.literatuurplein.nl/trefwoord?paginaStart=25&trefwoord=Iran&sort=TITEL&startjaar=&eindjaar=	http://web.archive.org/web/20191130202213/https://www.literatuurplein.nl/trefwoord?paginaStart=25&trefwoord=Iran&sort=TITEL&startjaar=&eindjaar=	200	Klik
https://www.literatuurplein.nl/trefwoord?paginaStart=25&trefwoord=Straatkinderen&sort=TITEL&startjaar=&eindjaar=	http://web.archive.org/web/20191130202219/https://www.literatuurplein.nl/trefwoord?paginaStart=25&trefwoord=Straatkinderen&sort=TITEL&startjaar=&eindjaar=	200	Klik
https://www.literatuurplein.nl/trefwoord?paginaStart=25&trefwoord=Vietnam-oorlog&sort=TITEL&startjaar=&eindjaar=	http://web.archive.org/web/20191130202225/https://www.literatuurplein.nl/trefwoord?paginaStart=25&trefwoord=Vietnam-oorlog&sort=TITEL&startjaar=&eindjaar=	200	Klik
https://www.literatuurplein.nl/trefwoord?paginaStart=50&trefwoord=Vietnam-oorlog&sort=TITEL&startjaar=&eindjaar=	http://web.archive.org/web/20191130202231/https://www.literatuurplein.nl/trefwoord?paginaStart=50&trefwoord=Vietnam-oorlog&sort=TITEL&startjaar=&eindjaar=	200	Klik
https://www.literatuurplein.nl/trefwoord?trefwoord= 17e eeuw&sort=JAAR	http://web.archive.org/web/20191130202237/https://www.literatuurplein.nl/trefwoord?trefwoord=%2017e%20eeuw&sort=JAAR	200	Klik
https://www.literatuurplein.nl/trefwoord?trefwoord= lean six sigma	http://web.archive.org/web/20191130202243/https://www.literatuurplein.nl/trefwoord?trefwoord=%20lean%20six%20sigma	200	Klik
https://www.literatuurplein.nl/trefwoord?trefwoord= Narcisme	http://web.archive.org/web/20191130202249/https://www.literatuurplein.nl/trefwoord?trefwoord=%20Narcisme	200	Klik
https://www.literatuurplein.nl/trefwoord?trefwoord=Alpenflora	http://web.archive.org/web/20191130202255/https://www.literatuurplein.nl/trefwoord?trefwoord=Alpenflora	200	Klik
https://www.literatuurplein.nl/trefwoord?trefwoord=Amerikaanse Burgeroorlog (1861-1865)	http://web.archive.org/web/20191130202301/https://www.literatuurplein.nl/trefwoord?trefwoord=Amerikaanse%20Burgeroorlog%20(1861-1865)	200	Klik
https://www.literatuurplein.nl/trefwoord?trefwoord=Amerikaanse Vrijheidsoorlog (1775-1783)	http://web.archive.org/web/20191130202307/https://www.literatuurplein.nl/trefwoord?trefwoord=Amerikaanse%20Vrijheidsoorlog%20(1775-1783)	200	Klik
https://www.literatuurplein.nl/trefwoord?trefwoord=Arbeidsinzet	http://web.archive.org/web/20191130202313/https://www.literatuurplein.nl/trefwoord?trefwoord=Arbeidsinzet	200	Klik
https://www.literatuurplein.nl/trefwoord?trefwoord=Barbiepoppen	http://web.archive.org/web/20191130202319/https://www.literatuurplein.nl/trefwoord?trefwoord=Barbiepoppen	200	Klik
https://www.literatuurplein.nl/trefwoord?trefwoord=Beeldhouwen	http://web.archive.org/web/20191130202325/https://www.literatuurplein.nl/trefwoord?trefwoord=Beeldhouwen	200	Klik
https://www.literatuurplein.nl/trefwoord?trefwoord=Belastinggidsen	http://web.archive.org/web/20191130202332/https://www.literatuurplein.nl/trefwoord?trefwoord=Belastinggidsen	200	Klik
https://www.literatuurplein.nl/trefwoord?trefwoord=BMW	http://web.archive.org/web/20191130202338/https://www.literatuurplein.nl/trefwoord?trefwoord=BMW	200	Klik
https://www.literatuurplein.nl/trefwoord?trefwoord=Cactussen	http://web.archive.org/web/20191130202345/https://www.literatuurplein.nl/trefwoord?trefwoord=Cactussen	200	Klik
https://www.literatuurplein.nl/trefwoord?trefwoord=Echtscheiding&sort=JAAR	http://web.archive.org/web/20191130202351/https://www.literatuurplein.nl/trefwoord?trefwoord=Echtscheiding&sort=JAAR	200	Klik
https://www.literatuurplein.nl/trefwoord?trefwoord=Eerwraak	http://web.archive.org/web/20191130202357/https://www.literatuurplein.nl/trefwoord?trefwoord=Eerwraak	200	Klik
https://www.literatuurplein.nl/trefwoord?trefwoord=Elektronenbuizen	http://web.archive.org/web/20191130202404/https://www.literatuurplein.nl/trefwoord?trefwoord=Elektronenbuizen	200	Klik
https://www.literatuurplein.nl/trefwoord?trefwoord=Gelaatkunde	http://web.archive.org/web/20191130202410/https://www.literatuurplein.nl/trefwoord?trefwoord=Gelaatkunde	200	Klik
https://www.literatuurplein.nl/trefwoord?trefwoord=Glazuren	http://web.archive.org/web/20191130202416/https://www.literatuurplein.nl/trefwoord?trefwoord=Glazuren	200	Klik
https://www.literatuurplein.nl/trefwoord?trefwoord=Gordijnen	http://web.archive.org/web/20191130202422/https://www.literatuurplein.nl/trefwoord?trefwoord=Gordijnen	200	Klik
https://www.literatuurplein.nl/trefwoord?trefwoord=Houtbewerking	http://web.archive.org/web/20191130202428/https://www.literatuurplein.nl/trefwoord?trefwoord=Houtbewerking	200	Klik
https://www.literatuurplein.nl/trefwoord?trefwoord=Houtdraaien	http://web.archive.org/web/20191130202434/https://www.literatuurplein.nl/trefwoord?trefwoord=Houtdraaien	200	Klik
https://www.literatuurplein.nl/trefwoord?trefwoord=Irian Jaya	http://web.archive.org/web/20191130202440/https://www.literatuurplein.nl/trefwoord?trefwoord=Irian%20Jaya	200	Klik
https://www.literatuurplein.nl/trefwoord?trefwoord=Judo	http://web.archive.org/web/20191130202446/https://www.literatuurplein.nl/trefwoord?trefwoord=Judo	200	Klik
https://www.literatuurplein.nl/trefwoord?trefwoord=Jugendstil	http://web.archive.org/web/20191130202454/https://www.literatuurplein.nl/trefwoord?trefwoord=Jugendstil	200	Klik
https://www.literatuurplein.nl/trefwoord?trefwoord=Katachtigen	http://web.archive.org/web/20191130202501/https://www.literatuurplein.nl/trefwoord?trefwoord=Katachtigen	200	Klik
https://www.literatuurplein.nl/trefwoord?trefwoord=Kerstgedichten	http://web.archive.org/web/20191130202507/https://www.literatuurplein.nl/trefwoord?trefwoord=Kerstgedichten	200	Klik
https://www.literatuurplein.nl/trefwoord?trefwoord=Klokken	http://web.archive.org/web/20191130202513/https://www.literatuurplein.nl/trefwoord?trefwoord=Klokken	200	Klik
https://www.literatuurplein.nl/trefwoord?trefwoord=Meubelstofferen	http://web.archive.org/web/20191130202520/https://www.literatuurplein.nl/trefwoord?trefwoord=Meubelstofferen	200	Klik
https://www.literatuurplein.nl/trefwoord?trefwoord=Motorfietstechniek	http://web.archive.org/web/20191130202526/https://www.literatuurplein.nl/trefwoord?trefwoord=Motorfietstechniek	200	Klik
https://www.literatuurplein.nl/trefwoord?trefwoord=Nanzi-verhalen	http://web.archive.org/web/20191130202532/https://www.literatuurplein.nl/trefwoord?trefwoord=Nanzi-verhalen	200	Klik
https://www.literatuurplein.nl/trefwoord?trefwoord=Nederlandse schrijfsters	http://web.archive.org/web/20191130202538/https://www.literatuurplein.nl/trefwoord?trefwoord=Nederlandse%20schrijfsters	200	Klik
https://www.literatuurplein.nl/trefwoord?trefwoord=Olieverfschilderen	http://web.archive.org/web/20191130202544/https://www.literatuurplein.nl/trefwoord?trefwoord=Olieverfschilderen	200	Klik
https://www.literatuurplein.nl/trefwoord?trefwoord=papiamento	http://web.archive.org/web/20191130202551/https://www.literatuurplein.nl/trefwoord?trefwoord=papiamento	200	Klik
https://www.literatuurplein.nl/trefwoord?trefwoord=Patroontekenen	http://web.archive.org/web/20191130202557/https://www.literatuurplein.nl/trefwoord?trefwoord=Patroontekenen	200	Klik
https://www.literatuurplein.nl/trefwoord?trefwoord=Penissen	http://web.archive.org/web/20191130202603/https://www.literatuurplein.nl/trefwoord?trefwoord=Penissen	200	Klik
https://www.literatuurplein.nl/trefwoord?trefwoord=Pentekenen	http://web.archive.org/web/20191130202609/https://www.literatuurplein.nl/trefwoord?trefwoord=Pentekenen	200	Klik
https://www.literatuurplein.nl/trefwoord?trefwoord=Perspectieftekenen	http://web.archive.org/web/20191130202615/https://www.literatuurplein.nl/trefwoord?trefwoord=Perspectieftekenen	200	Klik
https://www.literatuurplein.nl/trefwoord?trefwoord=Planten vermeerderen	http://web.archive.org/web/20191130202621/https://www.literatuurplein.nl/trefwoord?trefwoord=Planten%20vermeerderen	200	Klik
https://www.literatuurplein.nl/trefwoord?trefwoord=Pornografische films	http://web.archive.org/web/20191130202627/https://www.literatuurplein.nl/trefwoord?trefwoord=Pornografische%20films	200	Klik
https://www.literatuurplein.nl/trefwoord?trefwoord=Portretschilderen	http://web.archive.org/web/20191130202633/https://www.literatuurplein.nl/trefwoord?trefwoord=Portretschilderen	200	Klik
https://www.literatuurplein.nl/trefwoord?trefwoord=Portrettekenen	http://web.archive.org/web/20191130202639/https://www.literatuurplein.nl/trefwoord?trefwoord=Portrettekenen	200	Klik
https://www.literatuurplein.nl/trefwoord?trefwoord=Pottenbakken&sort=AUT	http://web.archive.org/web/20191130202645/https://www.literatuurplein.nl/trefwoord?trefwoord=Pottenbakken&sort=AUT	200	Klik
https://www.literatuurplein.nl/trefwoord?trefwoord=Probleemjongeren	http://web.archive.org/web/20191130202651/https://www.literatuurplein.nl/trefwoord?trefwoord=Probleemjongeren	200	Klik
https://www.literatuurplein.nl/trefwoord?trefwoord=Snoeien	http://web.archive.org/web/20191130202658/https://www.literatuurplein.nl/trefwoord?trefwoord=Snoeien	200	Klik
https://www.literatuurplein.nl/trefwoord?trefwoord=Straatkinderen	http://web.archive.org/web/20191130202704/https://www.literatuurplein.nl/trefwoord?trefwoord=Straatkinderen	200	Klik
https://www.literatuurplein.nl/trefwoord?trefwoord=Surinaamse recepten	http://web.archive.org/web/20191130202711/https://www.literatuurplein.nl/trefwoord?trefwoord=Surinaamse%20recepten	200	Klik
https://www.literatuurplein.nl/trefwoord?trefwoord=Tai chi	http://web.archive.org/web/20191130202717/https://www.literatuurplein.nl/trefwoord?trefwoord=Tai%20chi	200	Klik
https://www.literatuurplein.nl/trefwoord?trefwoord=Technisch tekenen	http://web.archive.org/web/20191130202723/https://www.literatuurplein.nl/trefwoord?trefwoord=Technisch%20tekenen	200	Klik
https://www.literatuurplein.nl/trefwoord?trefwoord=Tienermoeders	http://web.archive.org/web/20191130202729/https://www.literatuurplein.nl/trefwoord?trefwoord=Tienermoeders	200	Klik
https://www.literatuurplein.nl/trefwoord?trefwoord=Tractoren	http://web.archive.org/web/20191130202735/https://www.literatuurplein.nl/trefwoord?trefwoord=Tractoren	200	Klik
https://www.literatuurplein.nl/trefwoord?trefwoord=Uittrekselboeken	http://web.archive.org/web/20191130202741/https://www.literatuurplein.nl/trefwoord?trefwoord=Uittrekselboeken	200	Klik
https://www.literatuurplein.nl/trefwoord?trefwoord=Vietnam-oorlog	http://web.archive.org/web/20191130202747/https://www.literatuurplein.nl/trefwoord?trefwoord=Vietnam-oorlog	200	Klik
https://www.literatuurplein.nl/trefwoord?trefwoord=Vilt	http://web.archive.org/web/20191130202753/https://www.literatuurplein.nl/trefwoord?trefwoord=Vilt	200	Klik
https://www.literatuurplein.nl/trefwoord?trefwoord=Volleybal	http://web.archive.org/web/20191130202759/https://www.literatuurplein.nl/trefwoord?trefwoord=Volleybal	200	Klik
https://www.literatuurplein.nl/trefwoord?trefwoord=Waffen-SS	http://web.archive.org/web/20191130202806/https://www.literatuurplein.nl/trefwoord?trefwoord=Waffen-SS	200	Klik
https://www.literatuurplein.nl/trefwoord?trefwoord=Wilde planten	http://web.archive.org/web/20191130202812/https://www.literatuurplein.nl/trefwoord?trefwoord=Wilde%20planten	200	Klik
