PlaatsID	Plaats	LiteratuurpleinURL	LiteratuurpleinArchiefURL	ArchiefURLStatusCheck-12122019	
1	Bergen op Zoom	https://literatuurplein.nl/detail/excursie/bergen-op-zoom/1	http://web.archive.org/web/20191127184543/https://literatuurplein.nl/detail/excursie/bergen-op-zoom/1	200	Klik
1	Bergen op Zoom	https://www.literatuurplein.nl/excursie.jsp?excursieId=1	http://web.archive.org/web/20191129203431/https://www.literatuurplein.nl/detail/excursie/bergen-op-zoom/1	200	Klik
2	Maastricht	https://literatuurplein.nl/detail/excursie/maastricht/2	http://web.archive.org/web/20191127190004/https://literatuurplein.nl/detail/excursie/maastricht/2	200	Klik
3	Nijmegen	https://literatuurplein.nl/detail/excursie/nijmegen/3	http://web.archive.org/web/20191127190233/https://literatuurplein.nl/detail/excursie/nijmegen/3	200	Klik
4	Gent	https://literatuurplein.nl/detail/excursie/gent/4	http://web.archive.org/web/20191127185256/https://literatuurplein.nl/detail/excursie/gent/4	200	Klik
4	Gent	https://www.literatuurplein.nl/detail/excursie/gent/4	http://web.archive.org/web/20191129103127/https://www.literatuurplein.nl/detail/excursie/gent/4	200	Klik
4	Gent	https://www.literatuurplein.nl/excursie.jsp?excursieId=4	http://web.archive.org/web/20191129212045/https://www.literatuurplein.nl/detail/excursie/gent/4	200	Klik
21	Amsterdam	https://literatuurplein.nl/detail/excursie/amsterdam/21	http://web.archive.org/web/20191127184328/https://literatuurplein.nl/detail/excursie/amsterdam/21	200	Klik
21	Amsterdam	https://www.literatuurplein.nl/detail/excursie/amsterdam/21	http://web.archive.org/web/20191129102931/https://www.literatuurplein.nl/detail/excursie/amsterdam/21	200	Klik
21	Amsterdam	https://www.literatuurplein.nl/excursie.jsp?excursieId=21	http://web.archive.org/web/20191129203841/https://www.literatuurplein.nl/detail/excursie/amsterdam/21	200	Klik
41	Delft	https://literatuurplein.nl/detail/excursie/delft/41	http://web.archive.org/web/20191127185005/https://literatuurplein.nl/detail/excursie/delft/41	200	Klik
41	Delft	https://www.literatuurplein.nl/excursie.jsp?excursieId=41	http://web.archive.org/web/20191129212115/https://www.literatuurplein.nl/detail/excursie/delft/41	200	Klik
45	Leeuwarden	https://literatuurplein.nl/detail/excursie/leeuwarden/45	http://web.archive.org/web/20191127185829/https://literatuurplein.nl/detail/excursie/leeuwarden/45	200	Klik
45	Leeuwarden	https://www.literatuurplein.nl/detail/excursie/leeuwarden/45	http://web.archive.org/web/20191129103216/https://www.literatuurplein.nl/detail/excursie/leeuwarden/45	200	Klik
45	Leeuwarden	https://www.literatuurplein.nl/excursie.jsp?excursieId=45	http://web.archive.org/web/20191129212137/https://www.literatuurplein.nl/detail/excursie/leeuwarden/45	200	Klik
46	Bussum	https://literatuurplein.nl/detail/excursie/bussum/46	http://web.archive.org/web/20191127184803/https://literatuurplein.nl/detail/excursie/bussum/46	200	Klik
46	Bussum	https://www.literatuurplein.nl/excursie.jsp?excursieId=46	http://web.archive.org/web/20191129212146/https://www.literatuurplein.nl/detail/excursie/bussum/46	200	Klik
47	Leiden	https://literatuurplein.nl/detail/excursie/leiden/47	http://web.archive.org/web/20191127185841/https://literatuurplein.nl/detail/excursie/leiden/47	200	Klik
47	Leiden	https://www.literatuurplein.nl/detail/excursie/leiden/47	http://web.archive.org/web/20191129103222/https://www.literatuurplein.nl/detail/excursie/leiden/47	200	Klik
47	Leiden	https://www.literatuurplein.nl/excursie.jsp?excursieId=47	http://web.archive.org/web/20191129212153/https://www.literatuurplein.nl/detail/excursie/leiden/47	200	Klik
50	Den Haag ('s-Gravenhage)	https://literatuurplein.nl/detail/excursie/den-haag-s-gravenhage-/50	http://web.archive.org/web/20191127185024/https://literatuurplein.nl/detail/excursie/den-haag-s-gravenhage-/50	200	Klik
50	Den Haag ('s-Gravenhage)	https://www.literatuurplein.nl/detail/excursie/den-haag-s-gravenhage-/50	http://web.archive.org/web/20191129103102/https://www.literatuurplein.nl/detail/excursie/den-haag-s-gravenhage-/50	200	Klik
50	Den Haag ('s-Gravenhage)	https://www.literatuurplein.nl/excursie.jsp?excursieId=50	http://web.archive.org/web/20191129212201/https://www.literatuurplein.nl/detail/excursie/den-haag-s-gravenhage-/50	200	Klik
51	Harlingen	https://literatuurplein.nl/detail/excursie/harlingen/51	http://web.archive.org/web/20191127185435/https://literatuurplein.nl/detail/excursie/harlingen/51	200	Klik
51	Harlingen	https://www.literatuurplein.nl/excursie.jsp?excursieId=51	http://web.archive.org/web/20191129212210/https://www.literatuurplein.nl/detail/excursie/harlingen/51	200	Klik
53	Bathmen	https://literatuurplein.nl/detail/excursie/bathmen/53	http://web.archive.org/web/20191127184512/https://literatuurplein.nl/detail/excursie/bathmen/53	200	Klik
54	Den Bosch ('s-Hertogenbosch)	https://literatuurplein.nl/detail/excursie/den-bosch-s-hertogenbosch-/54	http://web.archive.org/web/20191127185011/https://literatuurplein.nl/detail/excursie/den-bosch-s-hertogenbosch-/54	200	Klik
54	Den Bosch ('s-Hertogenbosch)	https://www.literatuurplein.nl/excursie.jsp?excursieId=54	http://web.archive.org/web/20191129212217/https://www.literatuurplein.nl/detail/excursie/den-bosch-s-hertogenbosch-/54	200	Klik
55	Velp	https://literatuurplein.nl/detail/excursie/velp/55	http://web.archive.org/web/20191127191159/https://literatuurplein.nl/detail/excursie/velp/55	200	Klik
55	Velp	https://www.literatuurplein.nl/detail/excursie/velp/55	http://web.archive.org/web/20191129103404/https://www.literatuurplein.nl/detail/excursie/velp/55	200	Klik
55	Velp	https://www.literatuurplein.nl/excursie.jsp?excursieId=55	http://web.archive.org/web/20191129212225/https://www.literatuurplein.nl/detail/excursie/velp/55	200	Klik
56	Groningen	https://literatuurplein.nl/detail/excursie/groningen/56	http://web.archive.org/web/20191127185358/https://literatuurplein.nl/detail/excursie/groningen/56	200	Klik
56	Groningen	https://www.literatuurplein.nl/detail/excursie/groningen/56	http://web.archive.org/web/20191129103139/https://www.literatuurplein.nl/detail/excursie/groningen/56	200	Klik
56	Groningen	https://www.literatuurplein.nl/excursie.jsp?excursieId=56	http://web.archive.org/web/20191129212232/https://www.literatuurplein.nl/detail/excursie/groningen/56	200	Klik
57	Bergen aan Zee	https://literatuurplein.nl/detail/excursie/bergen-aan-zee/57	http://web.archive.org/web/20191127184537/https://literatuurplein.nl/detail/excursie/bergen-aan-zee/57	200	Klik
57	Bergen aan Zee	https://www.literatuurplein.nl/detail/excursie/bergen-aan-zee/57	http://web.archive.org/web/20191129103007/https://www.literatuurplein.nl/detail/excursie/bergen-aan-zee/57	200	Klik
57	Bergen aan Zee	https://www.literatuurplein.nl/excursie.jsp?excursieId=57	http://web.archive.org/web/20191129212240/https://www.literatuurplein.nl/detail/excursie/bergen-aan-zee/57	200	Klik
58	Rotterdam	https://literatuurplein.nl/detail/excursie/rotterdam/58	http://web.archive.org/web/20191127190623/https://literatuurplein.nl/detail/excursie/rotterdam/58	200	Klik
58	Rotterdam	https://www.literatuurplein.nl/detail/excursie/rotterdam/58	http://web.archive.org/web/20191129103340/https://www.literatuurplein.nl/detail/excursie/rotterdam/58	200	Klik
58	Rotterdam	https://www.literatuurplein.nl/excursie.jsp?excursieId=58	http://web.archive.org/web/20191129212248/https://www.literatuurplein.nl/detail/excursie/rotterdam/58	200	Klik
59	Antwerpen	https://literatuurplein.nl/detail/excursie/antwerpen/59	http://web.archive.org/web/20191127184334/https://literatuurplein.nl/detail/excursie/antwerpen/59	200	Klik
59	Antwerpen	https://www.literatuurplein.nl/detail/excursie/antwerpen/59	http://web.archive.org/web/20191129102937/https://www.literatuurplein.nl/detail/excursie/antwerpen/59	200	Klik
59	Antwerpen	https://www.literatuurplein.nl/excursie.jsp?excursieId=59	http://web.archive.org/web/20191129212257/https://www.literatuurplein.nl/detail/excursie/antwerpen/59	200	Klik
60	Kampen	https://literatuurplein.nl/detail/excursie/kampen/60	http://web.archive.org/web/20191127185715/https://literatuurplein.nl/detail/excursie/kampen/60	200	Klik
60	Kampen	https://www.literatuurplein.nl/detail/excursie/kampen/60	http://web.archive.org/web/20191129103203/https://www.literatuurplein.nl/detail/excursie/kampen/60	200	Klik
60	Kampen	https://www.literatuurplein.nl/excursie.jsp?excursieId=60	http://web.archive.org/web/20191129212305/https://www.literatuurplein.nl/detail/excursie/kampen/60	200	Klik
61	Utrecht	https://literatuurplein.nl/detail/excursie/utrecht/61	http://web.archive.org/web/20191127191135/https://literatuurplein.nl/detail/excursie/utrecht/61	200	Klik
61	Utrecht	https://www.literatuurplein.nl/detail/excursie/utrecht/61	http://web.archive.org/web/20191129103358/https://www.literatuurplein.nl/detail/excursie/utrecht/61	200	Klik
61	Utrecht	https://www.literatuurplein.nl/excursie.jsp?excursieId=61	http://web.archive.org/web/20191129212313/https://www.literatuurplein.nl/detail/excursie/utrecht/61	200	Klik
62	Brugge	https://literatuurplein.nl/detail/excursie/brugge/62	http://web.archive.org/web/20191127184738/https://literatuurplein.nl/detail/excursie/brugge/62	200	Klik
63	Goes	https://literatuurplein.nl/detail/excursie/goes/63	http://web.archive.org/web/20191127185315/https://literatuurplein.nl/detail/excursie/goes/63	200	Klik
64	Borsele	https://literatuurplein.nl/detail/excursie/borsele/64	http://web.archive.org/web/20191127184625/https://literatuurplein.nl/detail/excursie/borsele/64	200	Klik
64	Borsele	https://www.literatuurplein.nl/detail/excursie/borsele/64	http://web.archive.org/web/20191129103020/https://www.literatuurplein.nl/detail/excursie/borsele/64	200	Klik
65	Middelburg	https://literatuurplein.nl/detail/excursie/middelburg/65	http://web.archive.org/web/20191127190055/https://literatuurplein.nl/detail/excursie/middelburg/65	200	Klik
65	Middelburg	https://www.literatuurplein.nl/detail/excursie/middelburg/65	http://web.archive.org/web/20191129103253/https://www.literatuurplein.nl/detail/excursie/middelburg/65	200	Klik
65	Middelburg	https://www.literatuurplein.nl/excursie.jsp?excursieId=65	http://web.archive.org/web/20191129212321/https://www.literatuurplein.nl/detail/excursie/middelburg/65	200	Klik
66	Hoenderloo	https://literatuurplein.nl/detail/excursie/hoenderloo/66	http://web.archive.org/web/20191127185606/https://literatuurplein.nl/detail/excursie/hoenderloo/66	200	Klik
67	Tilburg	https://literatuurplein.nl/detail/excursie/tilburg/67	http://web.archive.org/web/20191127191028/https://literatuurplein.nl/detail/excursie/tilburg/67	200	Klik
68	Brussel	https://literatuurplein.nl/detail/excursie/brussel/68	http://web.archive.org/web/20191127184744/https://literatuurplein.nl/detail/excursie/brussel/68	200	Klik
68	Brussel	https://www.literatuurplein.nl/detail/excursie/brussel/68	http://web.archive.org/web/20191129103050/https://www.literatuurplein.nl/detail/excursie/brussel/68	200	Klik
69	Hilversum	https://literatuurplein.nl/detail/excursie/hilversum/69	http://web.archive.org/web/20191127185553/https://literatuurplein.nl/detail/excursie/hilversum/69	200	Klik
69	Hilversum	https://www.literatuurplein.nl/excursie.jsp?excursieId=69	http://web.archive.org/web/20191129212329/https://www.literatuurplein.nl/detail/excursie/hilversum/69	200	Klik
70	Dublin	https://literatuurplein.nl/detail/excursie/dublin/70	http://web.archive.org/web/20191127185107/https://literatuurplein.nl/detail/excursie/dublin/70	200	Klik
72	Amersfoort	https://literatuurplein.nl/detail/excursie/amersfoort/72	http://web.archive.org/web/20191127184310/https://literatuurplein.nl/detail/excursie/amersfoort/72	200	Klik
73	Overveen	https://literatuurplein.nl/detail/excursie/overveen/73	http://web.archive.org/web/20191127190348/https://literatuurplein.nl/detail/excursie/overveen/73	200	Klik
77	Arnhem	https://literatuurplein.nl/detail/excursie/arnhem/77	http://web.archive.org/web/20191127184352/https://literatuurplein.nl/detail/excursie/arnhem/77	200	Klik
77	Arnhem	https://www.literatuurplein.nl/detail/excursie/arnhem/77	http://web.archive.org/web/20191129102943/https://www.literatuurplein.nl/detail/excursie/arnhem/77	200	Klik
77	Arnhem	https://www.literatuurplein.nl/excursie.jsp?excursieId=77	http://web.archive.org/web/20191129212336/https://www.literatuurplein.nl/detail/excursie/arnhem/77	200	Klik
78	Amstelveen	https://literatuurplein.nl/detail/excursie/amstelveen/78	http://web.archive.org/web/20191127184322/https://literatuurplein.nl/detail/excursie/amstelveen/78	200	Klik
78	Amstelveen	https://www.literatuurplein.nl/detail/excursie/amstelveen/78	http://web.archive.org/web/20191129102925/https://www.literatuurplein.nl/detail/excursie/amstelveen/78	200	Klik
78	Amstelveen	https://www.literatuurplein.nl/excursie.jsp?excursieId=78	http://web.archive.org/web/20191129212344/https://www.literatuurplein.nl/detail/excursie/amstelveen/78	200	Klik
78	Amstelveen	https://literatuurplein.nl/detail/excursie/amstelveen/78	http://web.archive.org/web/20191127184322/https://literatuurplein.nl/detail/excursie/amstelveen/78	200	Klik
79	Apeldoorn	https://literatuurplein.nl/detail/excursie/apeldoorn/79	http://web.archive.org/web/20191127184340/https://literatuurplein.nl/detail/excursie/apeldoorn/79	200	Klik
79	Apeldoorn	https://www.literatuurplein.nl/excursie.jsp?excursieId=79	http://web.archive.org/web/20191129212352/https://www.literatuurplein.nl/detail/excursie/apeldoorn/79	200	Klik
80	Zutphen	https://literatuurplein.nl/detail/excursie/zutphen/80	http://web.archive.org/web/20191127191410/https://literatuurplein.nl/detail/excursie/zutphen/80	200	Klik
80	Zutphen	https://www.literatuurplein.nl/detail/excursie/zutphen/80	http://web.archive.org/web/20191129103429/https://www.literatuurplein.nl/detail/excursie/zutphen/80	200	Klik
80	Zutphen	https://www.literatuurplein.nl/excursie.jsp?excursieId=80	http://web.archive.org/web/20191129212400/https://www.literatuurplein.nl/detail/excursie/zutphen/80	200	Klik
81	Dordrecht	https://literatuurplein.nl/detail/excursie/dordrecht/81	http://web.archive.org/web/20191127185055/https://literatuurplein.nl/detail/excursie/dordrecht/81	200	Klik
81	Dordrecht	https://www.literatuurplein.nl/detail/excursie/dordrecht/81	http://web.archive.org/web/20191129103114/https://www.literatuurplein.nl/detail/excursie/dordrecht/81	200	Klik
81	Dordrecht	https://www.literatuurplein.nl/excursie.jsp?excursieId=81	http://web.archive.org/web/20191129212408/https://www.literatuurplein.nl/detail/excursie/dordrecht/81	200	Klik
82	Geldrop	https://literatuurplein.nl/detail/excursie/geldrop/82	http://web.archive.org/web/20191127185244/https://literatuurplein.nl/detail/excursie/geldrop/82	200	Klik
82	Geldrop	https://www.literatuurplein.nl/detail/excursie/geldrop/82	http://web.archive.org/web/20191129103120/https://www.literatuurplein.nl/detail/excursie/geldrop/82	200	Klik
85	Breda	https://literatuurplein.nl/detail/excursie/breda/85	http://web.archive.org/web/20191127184650/https://literatuurplein.nl/detail/excursie/breda/85	200	Klik
85	Breda	https://www.literatuurplein.nl/detail/excursie/breda/85	http://web.archive.org/web/20191129103032/https://www.literatuurplein.nl/detail/excursie/breda/85	200	Klik
85	Breda	https://www.literatuurplein.nl/excursie.jsp?excursieId=85	http://web.archive.org/web/20191129212416/https://www.literatuurplein.nl/detail/excursie/breda/85	200	Klik
87	Winterswijk	https://literatuurplein.nl/detail/excursie/winterswijk/87	http://web.archive.org/web/20191127191339/https://literatuurplein.nl/detail/excursie/winterswijk/87	200	Klik
90	Baarn	https://literatuurplein.nl/detail/excursie/baarn/90	http://web.archive.org/web/20191127184435/https://literatuurplein.nl/detail/excursie/baarn/90	200	Klik
90	Baarn	https://www.literatuurplein.nl/detail/excursie/baarn/90	http://web.archive.org/web/20191129102949/https://www.literatuurplein.nl/detail/excursie/baarn/90	200	Klik
92	Deventer	https://literatuurplein.nl/detail/excursie/deventer/92	http://web.archive.org/web/20191127185043/https://literatuurplein.nl/detail/excursie/deventer/92	200	Klik
92	Deventer	https://www.literatuurplein.nl/detail/excursie/deventer/92	http://web.archive.org/web/20191129103108/https://www.literatuurplein.nl/detail/excursie/deventer/92	200	Klik
92	Deventer	https://www.literatuurplein.nl/excursie.jsp?excursieId=92	http://web.archive.org/web/20191129212424/https://www.literatuurplein.nl/detail/excursie/deventer/92	200	Klik
96	Rheden	https://literatuurplein.nl/detail/excursie/rheden/96	http://web.archive.org/web/20191127190541/https://literatuurplein.nl/detail/excursie/rheden/96	200	Klik
96	Rheden	https://www.literatuurplein.nl/excursie.jsp?excursieId=96	http://web.archive.org/web/20191129212432/https://www.literatuurplein.nl/detail/excursie/rheden/96	200	Klik
97	Scheveningen	https://literatuurplein.nl/detail/excursie/scheveningen/97	http://web.archive.org/web/20191127190802/https://literatuurplein.nl/detail/excursie/scheveningen/97	200	Klik
98	Noordwijk aan Zee	https://literatuurplein.nl/detail/excursie/noordwijk-aan-zee/98	http://web.archive.org/web/20191127190239/https://literatuurplein.nl/detail/excursie/noordwijk-aan-zee/98	200	Klik
98	Noordwijk aan Zee	https://www.literatuurplein.nl/excursie.jsp?excursieId=98	http://web.archive.org/web/20191129212440/https://www.literatuurplein.nl/detail/excursie/noordwijk-aan-zee/98	200	Klik
102	Alkmaar	https://literatuurplein.nl/detail/excursie/alkmaar/102	http://web.archive.org/web/20191127184257/https://literatuurplein.nl/detail/excursie/alkmaar/102	200	Klik
102	Alkmaar	https://www.literatuurplein.nl/excursie.jsp?excursieId=102	http://web.archive.org/web/20191129203438/https://www.literatuurplein.nl/detail/excursie/alkmaar/102	200	Klik
105	Almelo	https://literatuurplein.nl/detail/excursie/almelo/105	http://web.archive.org/web/20191127184304/https://literatuurplein.nl/detail/excursie/almelo/105	200	Klik
105	Almelo	https://www.literatuurplein.nl/detail/excursie/almelo/105	http://web.archive.org/web/20191129102919/https://www.literatuurplein.nl/detail/excursie/almelo/105	200	Klik
105	Almelo	https://www.literatuurplein.nl/excursie.jsp?excursieId=105	http://web.archive.org/web/20191129203447/https://www.literatuurplein.nl/detail/excursie/almelo/105	200	Klik
106	Hengelo	https://literatuurplein.nl/detail/excursie/hengelo/106	http://web.archive.org/web/20191127185529/https://literatuurplein.nl/detail/excursie/hengelo/106	200	Klik
107	Steenwijk	https://literatuurplein.nl/detail/excursie/steenwijk/107	http://web.archive.org/web/20191127190904/https://literatuurplein.nl/detail/excursie/steenwijk/107	200	Klik
108	Zwolle	https://literatuurplein.nl/detail/excursie/zwolle/108	http://web.archive.org/web/20191127191416/https://literatuurplein.nl/detail/excursie/zwolle/108	200	Klik
108	Zwolle	https://www.literatuurplein.nl/detail/excursie/zwolle/108	http://web.archive.org/web/20191129103435/https://www.literatuurplein.nl/detail/excursie/zwolle/108	200	Klik
108	Zwolle	https://www.literatuurplein.nl/excursie.jsp?excursieId=108	http://web.archive.org/web/20191129203454/https://www.literatuurplein.nl/detail/excursie/zwolle/108	200	Klik
109	Enkhuizen	https://literatuurplein.nl/detail/excursie/enkhuizen/109	http://web.archive.org/web/20191127185137/https://literatuurplein.nl/detail/excursie/enkhuizen/109	200	Klik
109	Enkhuizen	https://www.literatuurplein.nl/excursie.jsp?excursieId=109	http://web.archive.org/web/20191129203502/https://www.literatuurplein.nl/detail/excursie/enkhuizen/109	200	Klik
110	Hoorn	https://literatuurplein.nl/detail/excursie/hoorn/110	http://web.archive.org/web/20191127185618/https://literatuurplein.nl/detail/excursie/hoorn/110	200	Klik
111	Naarden	https://literatuurplein.nl/detail/excursie/naarden/111	http://web.archive.org/web/20191127190145/https://literatuurplein.nl/detail/excursie/naarden/111	200	Klik
111	Naarden	https://www.literatuurplein.nl/excursie.jsp?excursieId=111	http://web.archive.org/web/20191129203511/https://www.literatuurplein.nl/detail/excursie/naarden/111	200	Klik
112	Maassluis	https://literatuurplein.nl/detail/excursie/maassluis/112	http://web.archive.org/web/20191127185957/https://literatuurplein.nl/detail/excursie/maassluis/112	200	Klik
113	Brouwershaven	https://literatuurplein.nl/detail/excursie/brouwershaven/113	http://web.archive.org/web/20191127184732/https://literatuurplein.nl/detail/excursie/brouwershaven/113	200	Klik
113	Brouwershaven	https://www.literatuurplein.nl/detail/excursie/brouwershaven/113	http://web.archive.org/web/20191129103044/https://www.literatuurplein.nl/detail/excursie/brouwershaven/113	200	Klik
114	San Millán de la Cogolla	https://literatuurplein.nl/detail/excursie/san-millan-de-la-cogolla/114	http://web.archive.org/web/20191127190750/https://literatuurplein.nl/detail/excursie/san-millan-de-la-cogolla/114	200	Klik
115	Enschede	https://literatuurplein.nl/detail/excursie/enschede/115	http://web.archive.org/web/20191127185144/https://literatuurplein.nl/detail/excursie/enschede/115	200	Klik
117	Vorden	https://literatuurplein.nl/detail/excursie/vorden/117	http://web.archive.org/web/20191127191241/https://literatuurplein.nl/detail/excursie/vorden/117	200	Klik
117	Vorden	https://www.literatuurplein.nl/excursie.jsp?excursieId=117	http://web.archive.org/web/20191129203518/https://www.literatuurplein.nl/detail/excursie/vorden/117	200	Klik
118	Heerlen	https://literatuurplein.nl/detail/excursie/heerlen/118	http://web.archive.org/web/20191127185511/https://literatuurplein.nl/detail/excursie/heerlen/118	200	Klik
118	Heerlen	https://www.literatuurplein.nl/excursie.jsp?excursieId=118	http://web.archive.org/web/20191129203526/https://www.literatuurplein.nl/detail/excursie/heerlen/118	200	Klik
119	Valkenburg aan de Geul	https://literatuurplein.nl/detail/excursie/valkenburg-aan-de-geul/119	http://web.archive.org/web/20191127191141/https://literatuurplein.nl/detail/excursie/valkenburg-aan-de-geul/119	200	Klik
119	Valkenburg aan de Geul	https://www.literatuurplein.nl/excursie.jsp?excursieId=119	http://web.archive.org/web/20191129203533/https://www.literatuurplein.nl/detail/excursie/valkenburg-aan-de-geul/119	200	Klik
120	Voerendaal	https://literatuurplein.nl/detail/excursie/voerendaal/120	http://web.archive.org/web/20191127191229/https://literatuurplein.nl/detail/excursie/voerendaal/120	200	Klik
120	Voerendaal	https://www.literatuurplein.nl/detail/excursie/voerendaal/120	http://web.archive.org/web/20191129103416/https://www.literatuurplein.nl/detail/excursie/voerendaal/120	200	Klik
121	Elsloo	https://literatuurplein.nl/detail/excursie/elsloo/121	http://web.archive.org/web/20191127185131/https://literatuurplein.nl/detail/excursie/elsloo/121	200	Klik
123	Londen	https://literatuurplein.nl/detail/excursie/londen/123	http://web.archive.org/web/20191127185919/https://literatuurplein.nl/detail/excursie/londen/123	200	Klik
123	Londen	https://www.literatuurplein.nl/detail/excursie/londen/123	http://web.archive.org/web/20191129103240/https://www.literatuurplein.nl/detail/excursie/londen/123	200	Klik
123	Londen	https://www.literatuurplein.nl/excursie.jsp?excursieId=123	http://web.archive.org/web/20191129203541/https://www.literatuurplein.nl/detail/excursie/londen/123	200	Klik
124	Parijs (stad)	https://literatuurplein.nl/detail/excursie/parijs-stad-/124	http://web.archive.org/web/20191127190427/https://literatuurplein.nl/detail/excursie/parijs-stad-/124	200	Klik
124	Parijs (stad)	https://www.literatuurplein.nl/detail/excursie/parijs/124	http://web.archive.org/web/20191129103318/https://www.literatuurplein.nl/detail/excursie/parijs/124	200	Klik
124	Parijs (stad)	https://www.literatuurplein.nl/detail/excursie/parijs-stad-/124	http://web.archive.org/web/20191129103324/https://www.literatuurplein.nl/detail/excursie/parijs-stad-/124	200	Klik
124	Parijs (stad)	https://www.literatuurplein.nl/excursie.jsp?excursieId=124	http://web.archive.org/web/20191129203549/https://www.literatuurplein.nl/detail/excursie/parijs-stad-/124	200	Klik
128	Edinburgh	https://literatuurplein.nl/detail/excursie/edinburgh/128	http://web.archive.org/web/20191127185125/https://literatuurplein.nl/detail/excursie/edinburgh/128	200	Klik
128	Edinburgh	https://www.literatuurplein.nl/excursie.jsp?excursieId=128	http://web.archive.org/web/20191129203557/https://www.literatuurplein.nl/detail/excursie/edinburgh/128	200	Klik
129	Haworth	https://literatuurplein.nl/detail/excursie/haworth/129	http://web.archive.org/web/20191127185459/https://literatuurplein.nl/detail/excursie/haworth/129	200	Klik
129	Haworth	https://www.literatuurplein.nl/excursie.jsp?excursieId=129	http://web.archive.org/web/20191129203605/https://www.literatuurplein.nl/detail/excursie/haworth/129	200	Klik
130	New York City	https://literatuurplein.nl/detail/excursie/new-york-city/130	http://web.archive.org/web/20191127190221/https://literatuurplein.nl/detail/excursie/new-york-city/130	200	Klik
131	Carisbrooke	https://literatuurplein.nl/detail/excursie/carisbrooke/131	http://web.archive.org/web/20191127184827/https://literatuurplein.nl/detail/excursie/carisbrooke/131	200	Klik
132	Nether Stowey	https://literatuurplein.nl/detail/excursie/nether-stowey/132	http://web.archive.org/web/20191127190203/https://literatuurplein.nl/detail/excursie/nether-stowey/132	200	Klik
133	Cockermouth	https://literatuurplein.nl/detail/excursie/cockermouth/133	http://web.archive.org/web/20191127184922/https://literatuurplein.nl/detail/excursie/cockermouth/133	200	Klik
134	Chawton	https://literatuurplein.nl/detail/excursie/chawton/134	http://web.archive.org/web/20191127184904/https://literatuurplein.nl/detail/excursie/chawton/134	200	Klik
135	Steep	https://literatuurplein.nl/detail/excursie/steep/135	http://web.archive.org/web/20191127190910/https://literatuurplein.nl/detail/excursie/steep/135	200	Klik
136	Liphook	https://literatuurplein.nl/detail/excursie/liphook/136	http://web.archive.org/web/20191127185853/https://literatuurplein.nl/detail/excursie/liphook/136	200	Klik
137	Selborne	https://literatuurplein.nl/detail/excursie/selborne/137	http://web.archive.org/web/20191127190826/https://literatuurplein.nl/detail/excursie/selborne/137	200	Klik
138	Buriton	https://literatuurplein.nl/detail/excursie/buriton/138	http://web.archive.org/web/20191127184756/https://literatuurplein.nl/detail/excursie/buriton/138	200	Klik
139	Stratford-upon-Avon	https://literatuurplein.nl/detail/excursie/stratford-upon-avon/139	http://web.archive.org/web/20191127190928/https://literatuurplein.nl/detail/excursie/stratford-upon-avon/139	200	Klik
141	Stamford	https://literatuurplein.nl/detail/excursie/stamford/141	http://web.archive.org/web/20191127190857/https://literatuurplein.nl/detail/excursie/stamford/141	200	Klik
142	Lyme Regis	https://literatuurplein.nl/detail/excursie/lyme-regis/142	http://web.archive.org/web/20191127185951/https://literatuurplein.nl/detail/excursie/lyme-regis/142	200	Klik
142	Lyme Regis	https://www.literatuurplein.nl/excursie.jsp?excursieId=142	http://web.archive.org/web/20191129203613/https://www.literatuurplein.nl/detail/excursie/lyme-regis/142	200	Klik
143	Leek	https://literatuurplein.nl/detail/excursie/leek/143	http://web.archive.org/web/20191127185823/https://literatuurplein.nl/detail/excursie/leek/143	200	Klik
144	Swansea	https://literatuurplein.nl/detail/excursie/swansea/144	http://web.archive.org/web/20191127190946/https://literatuurplein.nl/detail/excursie/swansea/144	200	Klik
146	Istanbul	https://literatuurplein.nl/detail/excursie/istanbul/146	http://web.archive.org/web/20191127185644/https://literatuurplein.nl/detail/excursie/istanbul/146	200	Klik
146	Istanbul	https://www.literatuurplein.nl/excursie.jsp?excursieId=146	http://web.archive.org/web/20191129203621/https://www.literatuurplein.nl/detail/excursie/istanbul/146	200	Klik
147	Rydal	https://literatuurplein.nl/detail/excursie/rydal/147	http://web.archive.org/web/20191127190648/https://literatuurplein.nl/detail/excursie/rydal/147	200	Klik
148	Salamanca	https://literatuurplein.nl/detail/excursie/salamanca/148	http://web.archive.org/web/20191127190726/https://literatuurplein.nl/detail/excursie/salamanca/148	200	Klik
149	Beetsterzwaag	https://literatuurplein.nl/detail/excursie/beetsterzwaag/149	http://web.archive.org/web/20191127184531/https://literatuurplein.nl/detail/excursie/beetsterzwaag/149	200	Klik
149	Beetsterzwaag	https://www.literatuurplein.nl/detail/excursie/beetsterzwaag/149	http://web.archive.org/web/20191129103001/https://www.literatuurplein.nl/detail/excursie/beetsterzwaag/149	200	Klik
149	Beetsterzwaag	https://www.literatuurplein.nl/excursie.jsp?excursieId=149	http://web.archive.org/web/20191129203630/https://www.literatuurplein.nl/detail/excursie/beetsterzwaag/149	200	Klik
150	Oxford	https://literatuurplein.nl/detail/excursie/oxford/150	http://web.archive.org/web/20191127190401/https://literatuurplein.nl/detail/excursie/oxford/150	200	Klik
150	Oxford	https://www.literatuurplein.nl/excursie.jsp?excursieId=150	http://web.archive.org/web/20191129203637/https://www.literatuurplein.nl/detail/excursie/oxford/150	200	Klik
151	Stockholm	https://literatuurplein.nl/detail/excursie/stockholm/151	http://web.archive.org/web/20191127190922/https://literatuurplein.nl/detail/excursie/stockholm/151	200	Klik
151	Stockholm	https://www.literatuurplein.nl/excursie.jsp?excursieId=151	http://web.archive.org/web/20191129203645/https://www.literatuurplein.nl/detail/excursie/stockholm/151	200	Klik
153	Rome	https://literatuurplein.nl/detail/excursie/rome/153	http://web.archive.org/web/20191127190617/https://literatuurplein.nl/detail/excursie/rome/153	200	Klik
153	Rome	https://www.literatuurplein.nl/excursie.jsp?excursieId=153	http://web.archive.org/web/20191129203653/https://www.literatuurplein.nl/detail/excursie/rome/153	200	Klik
155	Oostende	https://literatuurplein.nl/detail/excursie/oostende/155	http://web.archive.org/web/20191127190312/https://literatuurplein.nl/detail/excursie/oostende/155	200	Klik
156	Haarlem	https://literatuurplein.nl/detail/excursie/haarlem/156	http://web.archive.org/web/20191127185410/https://literatuurplein.nl/detail/excursie/haarlem/156	200	Klik
156	Haarlem	https://www.literatuurplein.nl/detail/excursie/haarlem/156	http://web.archive.org/web/20191129103145/https://www.literatuurplein.nl/detail/excursie/haarlem/156	200	Klik
156	Haarlem	https://www.literatuurplein.nl/excursie.jsp?excursieId=156	http://web.archive.org/web/20191129203700/https://www.literatuurplein.nl/detail/excursie/haarlem/156	200	Klik
157	Genk	https://literatuurplein.nl/detail/excursie/genk/157	http://web.archive.org/web/20191127185250/https://literatuurplein.nl/detail/excursie/genk/157	200	Klik
157	Genk	https://www.literatuurplein.nl/excursie.jsp?excursieId=157	http://web.archive.org/web/20191129203708/https://www.literatuurplein.nl/detail/excursie/genk/157	200	Klik
160	Amiens	https://literatuurplein.nl/detail/excursie/amiens/160	http://web.archive.org/web/20191127184316/https://literatuurplein.nl/detail/excursie/amiens/160	200	Klik
160	Amiens	https://www.literatuurplein.nl/excursie.jsp?excursieId=160	http://web.archive.org/web/20191129203716/https://www.literatuurplein.nl/detail/excursie/amiens/160	200	Klik
161	Jorwerd	https://literatuurplein.nl/detail/excursie/jorwerd/161	http://web.archive.org/web/20191127185656/https://literatuurplein.nl/detail/excursie/jorwerd/161	200	Klik
162	Redu	https://literatuurplein.nl/detail/excursie/redu/162	http://web.archive.org/web/20191127190534/https://literatuurplein.nl/detail/excursie/redu/162	200	Klik
162	Redu	https://www.literatuurplein.nl/detail/excursie/redu/162	http://web.archive.org/web/20191129103330/https://www.literatuurplein.nl/detail/excursie/redu/162	200	Klik
162	Redu	https://www.literatuurplein.nl/excursie.jsp?excursieId=162	http://web.archive.org/web/20191129203723/https://www.literatuurplein.nl/detail/excursie/redu/162	200	Klik
163	Baltimore	https://literatuurplein.nl/detail/excursie/baltimore/163	http://web.archive.org/web/20191127184454/https://literatuurplein.nl/detail/excursie/baltimore/163	200	Klik
164	Inverness	https://literatuurplein.nl/detail/excursie/inverness/164	http://web.archive.org/web/20191127185637/https://literatuurplein.nl/detail/excursie/inverness/164	200	Klik
165	Austerlitz	https://literatuurplein.nl/detail/excursie/austerlitz/165	http://web.archive.org/web/20191127184416/https://literatuurplein.nl/detail/excursie/austerlitz/165	200	Klik
166	Glen Ellen	https://literatuurplein.nl/detail/excursie/glen-ellen/166	http://web.archive.org/web/20191127185303/https://literatuurplein.nl/detail/excursie/glen-ellen/166	200	Klik
167	Concord	https://literatuurplein.nl/detail/excursie/concord/167	http://web.archive.org/web/20191127184935/https://literatuurplein.nl/detail/excursie/concord/167	200	Klik
168	Tula	https://literatuurplein.nl/detail/excursie/tula/168	http://web.archive.org/web/20191127191058/https://literatuurplein.nl/detail/excursie/tula/168	200	Klik
169	Flat Rock	https://literatuurplein.nl/detail/excursie/flat-rock/169	http://web.archive.org/web/20191127185208/https://literatuurplein.nl/detail/excursie/flat-rock/169	200	Klik
170	Derry	https://literatuurplein.nl/detail/excursie/derry/170	http://web.archive.org/web/20191127185030/https://literatuurplein.nl/detail/excursie/derry/170	200	Klik
171	Rungsted	https://literatuurplein.nl/detail/excursie/rungsted/171	http://web.archive.org/web/20191127190635/https://literatuurplein.nl/detail/excursie/rungsted/171	200	Klik
172	West Hills	https://literatuurplein.nl/detail/excursie/west-hills/172	http://web.archive.org/web/20191127191313/https://literatuurplein.nl/detail/excursie/west-hills/172	200	Klik
173	Land's End	https://literatuurplein.nl/detail/excursie/land-s-end/173	http://web.archive.org/web/20191127185757/https://literatuurplein.nl/detail/excursie/land-s-end/173	200	Klik
175	Schagen	https://literatuurplein.nl/detail/excursie/schagen/175	http://web.archive.org/web/20191127190756/https://literatuurplein.nl/detail/excursie/schagen/175	200	Klik
176	Sint Anthoniepolder	https://literatuurplein.nl/detail/excursie/sint-anthoniepolder/176	http://web.archive.org/web/20191127190844/https://literatuurplein.nl/detail/excursie/sint-anthoniepolder/176	200	Klik
177	Lauffen am Neckar	https://literatuurplein.nl/detail/excursie/lauffen-am-neckar/177	http://web.archive.org/web/20191127185803/https://literatuurplein.nl/detail/excursie/lauffen-am-neckar/177	200	Klik
178	Bretzfeld	https://literatuurplein.nl/detail/excursie/bretzfeld/178	http://web.archive.org/web/20191127184707/https://literatuurplein.nl/detail/excursie/bretzfeld/178	200	Klik
179	Konstanz	https://literatuurplein.nl/detail/excursie/konstanz/179	http://web.archive.org/web/20191127185733/https://literatuurplein.nl/detail/excursie/konstanz/179	200	Klik
180	Stein am Rhein	https://literatuurplein.nl/detail/excursie/stein-am-rhein/180	http://web.archive.org/web/20191127190916/https://literatuurplein.nl/detail/excursie/stein-am-rhein/180	200	Klik
181	Marbach am Neckar	https://literatuurplein.nl/detail/excursie/marbach-am-neckar/181	http://web.archive.org/web/20191127190017/https://literatuurplein.nl/detail/excursie/marbach-am-neckar/181	200	Klik
182	Tübingen	https://literatuurplein.nl/detail/excursie/tubingen/182	http://web.archive.org/web/20191127191052/https://literatuurplein.nl/detail/excursie/tubingen/182	200	Klik
184	Bornem	https://literatuurplein.nl/detail/excursie/bornem/184	http://web.archive.org/web/20191127184613/https://literatuurplein.nl/detail/excursie/bornem/184	200	Klik
186	Helmond	https://literatuurplein.nl/detail/excursie/helmond/186	http://web.archive.org/web/20191127185517/https://literatuurplein.nl/detail/excursie/helmond/186	200	Klik
187	Ayr	https://literatuurplein.nl/detail/excursie/ayr/187	http://web.archive.org/web/20191127184429/https://literatuurplein.nl/detail/excursie/ayr/187	200	Klik
187	Ayr	https://www.literatuurplein.nl/excursie.jsp?excursieId=187	http://web.archive.org/web/20191129203732/https://www.literatuurplein.nl/detail/excursie/ayr/187	200	Klik
190	Venray	https://literatuurplein.nl/detail/excursie/venray/190	http://web.archive.org/web/20191127191211/https://literatuurplein.nl/detail/excursie/venray/190	200	Klik
191	Mechelen	https://literatuurplein.nl/detail/excursie/mechelen/191	http://web.archive.org/web/20191127190036/https://literatuurplein.nl/detail/excursie/mechelen/191	200	Klik
191	Mechelen	https://www.literatuurplein.nl/excursie.jsp?excursieId=191	http://web.archive.org/web/20191129203739/https://www.literatuurplein.nl/detail/excursie/mechelen/191	200	Klik
192	Etten-Leur	https://literatuurplein.nl/detail/excursie/etten-leur/192	http://web.archive.org/web/20191127185156/https://literatuurplein.nl/detail/excursie/etten-leur/192	200	Klik
192	Etten-Leur	https://www.literatuurplein.nl/excursie.jsp?excursieId=192	http://web.archive.org/web/20191129203747/https://www.literatuurplein.nl/detail/excursie/etten-leur/192	200	Klik
193	Harderwijk	https://literatuurplein.nl/detail/excursie/harderwijk/193	http://web.archive.org/web/20191127185429/https://literatuurplein.nl/detail/excursie/harderwijk/193	200	Klik
193	Harderwijk	https://www.literatuurplein.nl/detail/excursie/harderwijk/193	http://web.archive.org/web/20191129103157/https://www.literatuurplein.nl/detail/excursie/harderwijk/193	200	Klik
193	Harderwijk	https://www.literatuurplein.nl/excursie.jsp?excursieId=193	http://web.archive.org/web/20191129203755/https://www.literatuurplein.nl/detail/excursie/harderwijk/193	200	Klik
197	Moerbeke-Waas	https://literatuurplein.nl/detail/excursie/moerbeke-waas/197	http://web.archive.org/web/20191127190108/https://literatuurplein.nl/detail/excursie/moerbeke-waas/197	200	Klik
197	Moerbeke-Waas	https://www.literatuurplein.nl/excursie.jsp?excursieId=197	http://web.archive.org/web/20191129203803/https://www.literatuurplein.nl/detail/excursie/moerbeke-waas/197	200	Klik
198	Sydney	https://literatuurplein.nl/detail/excursie/sydney/198	http://web.archive.org/web/20191127190952/https://literatuurplein.nl/detail/excursie/sydney/198	200	Klik
199	Underwood	https://literatuurplein.nl/detail/excursie/underwood/199	http://web.archive.org/web/20191127191123/https://literatuurplein.nl/detail/excursie/underwood/199	200	Klik
200	San Francisco	https://literatuurplein.nl/detail/excursie/san-francisco/200	http://web.archive.org/web/20191127190744/https://literatuurplein.nl/detail/excursie/san-francisco/200	200	Klik
200	San Francisco	https://www.literatuurplein.nl/excursie.jsp?excursieId=200	http://web.archive.org/web/20191129203811/https://www.literatuurplein.nl/detail/excursie/san-francisco/200	200	Klik
201	Canterbury	https://literatuurplein.nl/detail/excursie/canterbury/201	http://web.archive.org/web/20191127184821/https://literatuurplein.nl/detail/excursie/canterbury/201	200	Klik
204	Paramaribo	https://literatuurplein.nl/detail/excursie/paramaribo/204	http://web.archive.org/web/20191127190420/https://literatuurplein.nl/detail/excursie/paramaribo/204	200	Klik
205	Madrid	https://literatuurplein.nl/detail/excursie/madrid/205	http://web.archive.org/web/20191127190011/https://literatuurplein.nl/detail/excursie/madrid/205	200	Klik
205	Madrid	https://www.literatuurplein.nl/excursie.jsp?excursieId=205	http://web.archive.org/web/20191129203818/https://www.literatuurplein.nl/detail/excursie/madrid/205	200	Klik
206	Bredevoort	https://literatuurplein.nl/detail/excursie/bredevoort/206	http://web.archive.org/web/20191127184655/https://literatuurplein.nl/detail/excursie/bredevoort/206	200	Klik
206	Bredevoort	https://www.literatuurplein.nl/detail/excursie/bredevoort/206	http://web.archive.org/web/20191129103038/https://www.literatuurplein.nl/detail/excursie/bredevoort/206	200	Klik
206	Bredevoort	https://www.literatuurplein.nl/excursie.jsp?excursieId=206	http://web.archive.org/web/20191129203826/https://www.literatuurplein.nl/detail/excursie/bredevoort/206	200	Klik
207	De Veenhoop	https://literatuurplein.nl/detail/excursie/de-veenhoop/207	http://web.archive.org/web/20191127185036/https://literatuurplein.nl/detail/excursie/de-veenhoop/207	200	Klik
209	Vlissingen	https://literatuurplein.nl/detail/excursie/vlissingen/209	http://web.archive.org/web/20191127191223/https://literatuurplein.nl/detail/excursie/vlissingen/209	200	Klik
209	Vlissingen	https://www.literatuurplein.nl/excursie.jsp?excursieId=209	http://web.archive.org/web/20191129203834/https://www.literatuurplein.nl/detail/excursie/vlissingen/209	200	Klik
212	Weimar	https://literatuurplein.nl/detail/excursie/weimar/212	http://web.archive.org/web/20191127191259/https://literatuurplein.nl/detail/excursie/weimar/212	200	Klik
213	Lübeck	https://literatuurplein.nl/detail/excursie/lubeck/213	http://web.archive.org/web/20191127185938/https://literatuurplein.nl/detail/excursie/lubeck/213	200	Klik
214	Göttingen	https://literatuurplein.nl/detail/excursie/gottingen/214	http://web.archive.org/web/20191127185327/https://literatuurplein.nl/detail/excursie/gottingen/214	200	Klik
215	Jena	https://literatuurplein.nl/detail/excursie/jena/215	http://web.archive.org/web/20191127185650/https://literatuurplein.nl/detail/excursie/jena/215	200	Klik
216	Wiesbaden	https://literatuurplein.nl/detail/excursie/wiesbaden/216	http://web.archive.org/web/20191127191319/https://literatuurplein.nl/detail/excursie/wiesbaden/216	200	Klik
217	Barcelona	https://literatuurplein.nl/detail/excursie/barcelona/217	http://web.archive.org/web/20191127184500/https://literatuurplein.nl/detail/excursie/barcelona/217	200	Klik
217	Barcelona	https://www.literatuurplein.nl/detail/excursie/barcelona/217	http://web.archive.org/web/20191129102955/https://www.literatuurplein.nl/detail/excursie/barcelona/217	200	Klik
219	Owermoigne	https://literatuurplein.nl/detail/excursie/owermoigne/219	http://web.archive.org/web/20191127190355/https://literatuurplein.nl/detail/excursie/owermoigne/219	200	Klik
220	Turnhout	https://literatuurplein.nl/detail/excursie/turnhout/220	http://web.archive.org/web/20191127191104/https://literatuurplein.nl/detail/excursie/turnhout/220	200	Klik
223	Caïro	https://literatuurplein.nl/detail/excursie/cairo/223	http://web.archive.org/web/20191127184809/https://literatuurplein.nl/detail/excursie/cairo/223	200	Klik
225	Leavesden	https://literatuurplein.nl/detail/excursie/leavesden/225	http://web.archive.org/web/20191127185816/https://literatuurplein.nl/detail/excursie/leavesden/225	200	Klik
226	Middenbeemster	https://literatuurplein.nl/detail/excursie/middenbeemster/226	http://web.archive.org/web/20191127190101/https://literatuurplein.nl/detail/excursie/middenbeemster/226	200	Klik
227	Voorburg	https://literatuurplein.nl/detail/excursie/voorburg/227	http://web.archive.org/web/20191127191235/https://literatuurplein.nl/detail/excursie/voorburg/227	200	Klik
228	Rijnsburg	https://literatuurplein.nl/detail/excursie/rijnsburg/228	http://web.archive.org/web/20191127190559/https://literatuurplein.nl/detail/excursie/rijnsburg/228	200	Klik
229	Muiden	https://literatuurplein.nl/detail/excursie/muiden/229	http://web.archive.org/web/20191127190132/https://literatuurplein.nl/detail/excursie/muiden/229	200	Klik
230	Oud-Zuilen	https://literatuurplein.nl/detail/excursie/oud-zuilen/230	http://web.archive.org/web/20191127190342/https://literatuurplein.nl/detail/excursie/oud-zuilen/230	200	Klik
231	Rijswijk	https://literatuurplein.nl/detail/excursie/rijswijk/231	http://web.archive.org/web/20191127190605/https://literatuurplein.nl/detail/excursie/rijswijk/231	200	Klik
232	Fjærland	https://literatuurplein.nl/detail/excursie/fj-rland/232	http://web.archive.org/web/20191127185202/https://literatuurplein.nl/detail/excursie/fj-rland/232	200	Klik
234	Vimmerby	https://literatuurplein.nl/detail/excursie/vimmerby/234	http://web.archive.org/web/20191127191217/https://literatuurplein.nl/detail/excursie/vimmerby/234	200	Klik
234	Vimmerby	https://www.literatuurplein.nl/excursie.jsp?excursieId=234	http://web.archive.org/web/20191129203849/https://www.literatuurplein.nl/detail/excursie/vimmerby/234	200	Klik
243	Lissabon	https://literatuurplein.nl/detail/excursie/lissabon/243	http://web.archive.org/web/20191127185859/https://literatuurplein.nl/detail/excursie/lissabon/243	200	Klik
243	Lissabon	https://www.literatuurplein.nl/detail/excursie/lissabon/243	http://web.archive.org/web/20191129103228/https://www.literatuurplein.nl/detail/excursie/lissabon/243	200	Klik
243	Lissabon	https://www.literatuurplein.nl/excursie.jsp?excursieId=243	http://web.archive.org/web/20191129203858/https://www.literatuurplein.nl/detail/excursie/lissabon/243	200	Klik
244	Berlijn	https://literatuurplein.nl/detail/excursie/berlijn/244	http://web.archive.org/web/20191127184549/https://literatuurplein.nl/detail/excursie/berlijn/244	200	Klik
244	Berlijn	https://www.literatuurplein.nl/detail/excursie/berlijn/244	http://web.archive.org/web/20191129103014/https://www.literatuurplein.nl/detail/excursie/berlijn/244	200	Klik
244	Berlijn	https://www.literatuurplein.nl/excursie.jsp?excursieId=244	http://web.archive.org/web/20191129203905/https://www.literatuurplein.nl/detail/excursie/berlijn/244	200	Klik
246	Montereggio	https://literatuurplein.nl/detail/excursie/montereggio/246	http://web.archive.org/web/20191127190114/https://literatuurplein.nl/detail/excursie/montereggio/246	200	Klik
247	Sedbergh	https://literatuurplein.nl/detail/excursie/sedbergh/247	http://web.archive.org/web/20191127190820/https://literatuurplein.nl/detail/excursie/sedbergh/247	200	Klik
248	Hay-on-Wye	https://literatuurplein.nl/detail/excursie/hay-on-wye/248	http://web.archive.org/web/20191127185505/https://literatuurplein.nl/detail/excursie/hay-on-wye/248	200	Klik
249	Saint-Pierre-de-Clages	https://literatuurplein.nl/detail/excursie/saint-pierre-de-clages/249	http://web.archive.org/web/20191127190720/https://literatuurplein.nl/detail/excursie/saint-pierre-de-clages/249	200	Klik
250	Sysmä	https://literatuurplein.nl/detail/excursie/sysma/250	http://web.archive.org/web/20191127190958/https://literatuurplein.nl/detail/excursie/sysma/250	200	Klik
251	Tvedestrand	https://literatuurplein.nl/detail/excursie/tvedestrand/251	http://web.archive.org/web/20191127191111/https://literatuurplein.nl/detail/excursie/tvedestrand/251	200	Klik
252	Wigtown	https://literatuurplein.nl/detail/excursie/wigtown/252	http://web.archive.org/web/20191127191326/https://literatuurplein.nl/detail/excursie/wigtown/252	200	Klik
253	Wünsdorf	https://literatuurplein.nl/detail/excursie/wunsdorf/253	http://web.archive.org/web/20191127191352/https://literatuurplein.nl/detail/excursie/wunsdorf/253	200	Klik
254	Urueña	https://literatuurplein.nl/detail/excursie/uruena/254	http://web.archive.org/web/20191127191129/https://literatuurplein.nl/detail/excursie/uruena/254	200	Klik
255	Pazin	https://literatuurplein.nl/detail/excursie/pazin/255	http://web.archive.org/web/20191127190433/https://literatuurplein.nl/detail/excursie/pazin/255	200	Klik
256	Consuegra	https://literatuurplein.nl/detail/excursie/consuegra/256	http://web.archive.org/web/20191127184941/https://literatuurplein.nl/detail/excursie/consuegra/256	200	Klik
257	Wolfheze	https://literatuurplein.nl/detail/excursie/wolfheze/257	http://web.archive.org/web/20191127191346/https://literatuurplein.nl/detail/excursie/wolfheze/257	200	Klik
258	Bécherel	https://literatuurplein.nl/detail/excursie/becherel/258	http://web.archive.org/web/20191127184525/https://literatuurplein.nl/detail/excursie/becherel/258	200	Klik
259	Damme	https://literatuurplein.nl/detail/excursie/damme/259	http://web.archive.org/web/20191127184959/https://literatuurplein.nl/detail/excursie/damme/259	200	Klik
260	München	https://literatuurplein.nl/detail/excursie/munchen/260	http://web.archive.org/web/20191127190139/https://literatuurplein.nl/detail/excursie/munchen/260	200	Klik
261	Hamburg	https://literatuurplein.nl/detail/excursie/hamburg/261	http://web.archive.org/web/20191127185416/https://literatuurplein.nl/detail/excursie/hamburg/261	200	Klik
261	Hamburg	https://www.literatuurplein.nl/detail/excursie/hamburg/261	http://web.archive.org/web/20191129103151/https://www.literatuurplein.nl/detail/excursie/hamburg/261	200	Klik
262	Sint-Petersburg	https://literatuurplein.nl/detail/excursie/sint-petersburg/262	http://web.archive.org/web/20191127190851/https://literatuurplein.nl/detail/excursie/sint-petersburg/262	200	Klik
263	Marseille	https://literatuurplein.nl/detail/excursie/marseille/263	http://web.archive.org/web/20191127190030/https://literatuurplein.nl/detail/excursie/marseille/263	200	Klik
263	Marseille	https://www.literatuurplein.nl/detail/excursie/marseille/263	http://web.archive.org/web/20191129103247/https://www.literatuurplein.nl/detail/excursie/marseille/263	200	Klik
263	Marseille	https://www.literatuurplein.nl/excursie.jsp?excursieId=263	http://web.archive.org/web/20191129203913/https://www.literatuurplein.nl/detail/excursie/marseille/263	200	Klik
264	Dalfsen	https://literatuurplein.nl/detail/excursie/dalfsen/264	http://web.archive.org/web/20191127184953/https://literatuurplein.nl/detail/excursie/dalfsen/264	200	Klik
265	Dronten	https://literatuurplein.nl/detail/excursie/dronten/265	http://web.archive.org/web/20191127185101/https://literatuurplein.nl/detail/excursie/dronten/265	200	Klik
266	Gouda	https://literatuurplein.nl/detail/excursie/gouda/266	http://web.archive.org/web/20191127185333/https://literatuurplein.nl/detail/excursie/gouda/266	200	Klik
266	Gouda	https://www.literatuurplein.nl/detail/excursie/gouda/266	http://web.archive.org/web/20191129103133/https://www.literatuurplein.nl/detail/excursie/gouda/266	200	Klik
266	Gouda	https://www.literatuurplein.nl/excursie.jsp?excursieId=266	http://web.archive.org/web/20191129203920/https://www.literatuurplein.nl/detail/excursie/gouda/266	200	Klik
267	Schoonhoven	https://literatuurplein.nl/detail/excursie/schoonhoven/267	http://web.archive.org/web/20191127190814/https://literatuurplein.nl/detail/excursie/schoonhoven/267	200	Klik
268	Newcastle upon Tyne	https://literatuurplein.nl/detail/excursie/newcastle-upon-tyne/268	http://web.archive.org/web/20191127190209/https://literatuurplein.nl/detail/excursie/newcastle-upon-tyne/268	200	Klik
269	Oss	https://literatuurplein.nl/detail/excursie/oss/269	http://web.archive.org/web/20191127190336/https://literatuurplein.nl/detail/excursie/oss/269	200	Klik
271	Ravenstein	https://literatuurplein.nl/detail/excursie/ravenstein/271	http://web.archive.org/web/20191127190528/https://literatuurplein.nl/detail/excursie/ravenstein/271	200	Klik
271	Ravenstein	https://www.literatuurplein.nl/excursie.jsp?excursieId=271	http://web.archive.org/web/20191129203928/https://www.literatuurplein.nl/detail/excursie/ravenstein/271	200	Klik
272	Rhoon	https://literatuurplein.nl/detail/excursie/rhoon/272	http://web.archive.org/web/20191127190553/https://literatuurplein.nl/detail/excursie/rhoon/272	200	Klik
272	Rhoon	https://www.literatuurplein.nl/excursie.jsp?excursieId=272	http://web.archive.org/web/20191129203935/https://www.literatuurplein.nl/detail/excursie/rhoon/272	200	Klik
273	Venetië	https://literatuurplein.nl/detail/excursie/venetie/273	http://web.archive.org/web/20191127191205/https://literatuurplein.nl/detail/excursie/venetie/273	200	Klik
273	Venetië	https://www.literatuurplein.nl/detail/excursie/venetie/273	http://web.archive.org/web/20191129103410/https://www.literatuurplein.nl/detail/excursie/venetie/273	200	Klik
273	Venetië	https://www.literatuurplein.nl/excursie.jsp?excursieId=273	http://web.archive.org/web/20191129203942/https://www.literatuurplein.nl/detail/excursie/venetie/273	200	Klik
274	Crowborough	https://literatuurplein.nl/detail/excursie/crowborough/274	http://web.archive.org/web/20191127184947/https://literatuurplein.nl/detail/excursie/crowborough/274	200	Klik
274	Crowborough	https://www.literatuurplein.nl/excursie.jsp?excursieId=274	http://web.archive.org/web/20191129211705/https://www.literatuurplein.nl/detail/excursie/crowborough/274	200	Klik
275	Chatham	https://literatuurplein.nl/detail/excursie/chatham/275	http://web.archive.org/web/20191127184857/https://literatuurplein.nl/detail/excursie/chatham/275	200	Klik
276	Zottegem	https://literatuurplein.nl/detail/excursie/zottegem/276	http://web.archive.org/web/20191127191404/https://literatuurplein.nl/detail/excursie/zottegem/276	200	Klik
278	Raalte	https://literatuurplein.nl/detail/excursie/raalte/278	http://web.archive.org/web/20191127190516/https://literatuurplein.nl/detail/excursie/raalte/278	200	Klik
279	Markelo	https://literatuurplein.nl/detail/excursie/markelo/279	http://web.archive.org/web/20191127190023/https://literatuurplein.nl/detail/excursie/markelo/279	200	Klik
280	Hasselt	https://literatuurplein.nl/detail/excursie/hasselt/280	http://web.archive.org/web/20191127185441/https://literatuurplein.nl/detail/excursie/hasselt/280	200	Klik
287	Kapelle	https://literatuurplein.nl/detail/excursie/kapelle/287	http://web.archive.org/web/20191127185721/https://literatuurplein.nl/detail/excursie/kapelle/287	200	Klik
287	Kapelle	https://www.literatuurplein.nl/detail/excursie/kapelle/287	http://web.archive.org/web/20191129103209/https://www.literatuurplein.nl/detail/excursie/kapelle/287	200	Klik
287	Kapelle	https://www.literatuurplein.nl/excursie.jsp?excursieId=287	http://web.archive.org/web/20191129211713/https://www.literatuurplein.nl/detail/excursie/kapelle/287	200	Klik
288	Schiedam	https://literatuurplein.nl/detail/excursie/schiedam/288	http://web.archive.org/web/20191127190808/https://literatuurplein.nl/detail/excursie/schiedam/288	200	Klik
288	Schiedam	https://www.literatuurplein.nl/excursie.jsp?excursieId=288	http://web.archive.org/web/20191129211721/https://www.literatuurplein.nl/detail/excursie/schiedam/288	200	Klik
289	Terhorne	https://literatuurplein.nl/detail/excursie/terhorne/289	http://web.archive.org/web/20191127191016/https://literatuurplein.nl/detail/excursie/terhorne/289	200	Klik
290	Plailly	https://literatuurplein.nl/detail/excursie/plailly/290	http://web.archive.org/web/20191127190451/https://literatuurplein.nl/detail/excursie/plailly/290	200	Klik
291	Kalmthout	https://literatuurplein.nl/detail/excursie/kalmthout/291	http://web.archive.org/web/20191127185709/https://literatuurplein.nl/detail/excursie/kalmthout/291	200	Klik
292	Kaatsheuvel	https://literatuurplein.nl/detail/excursie/kaatsheuvel/292	http://web.archive.org/web/20191127185702/https://literatuurplein.nl/detail/excursie/kaatsheuvel/292	200	Klik
293	Odense	https://literatuurplein.nl/detail/excursie/odense/293	http://web.archive.org/web/20191127190251/https://literatuurplein.nl/detail/excursie/odense/293	200	Klik
294	Oosthuizen	https://literatuurplein.nl/detail/excursie/oosthuizen/294	http://web.archive.org/web/20191127190324/https://literatuurplein.nl/detail/excursie/oosthuizen/294	200	Klik
295	Aylesbury	https://literatuurplein.nl/detail/excursie/aylesbury/295	http://web.archive.org/web/20191127184423/https://literatuurplein.nl/detail/excursie/aylesbury/295	200	Klik
296	Great Missenden	https://literatuurplein.nl/detail/excursie/great-missenden/296	http://web.archive.org/web/20191127185345/https://literatuurplein.nl/detail/excursie/great-missenden/296	200	Klik
297	Beauvoorde	https://literatuurplein.nl/detail/excursie/beauvoorde/297	http://web.archive.org/web/20191127184518/https://literatuurplein.nl/detail/excursie/beauvoorde/297	200	Klik
298	Kopenhagen	https://literatuurplein.nl/detail/excursie/kopenhagen/298	http://web.archive.org/web/20191127185739/https://literatuurplein.nl/detail/excursie/kopenhagen/298	200	Klik
299	Bowness-on-Windermere	https://literatuurplein.nl/detail/excursie/bowness-on-windermere/299	http://web.archive.org/web/20191127184644/https://literatuurplein.nl/detail/excursie/bowness-on-windermere/299	200	Klik
300	Bronkhorst	https://literatuurplein.nl/detail/excursie/bronkhorst/300	http://web.archive.org/web/20191127184726/https://literatuurplein.nl/detail/excursie/bronkhorst/300	200	Klik
301	Hasselt (B)	https://literatuurplein.nl/detail/excursie/hasselt-b-/301	http://web.archive.org/web/20191127185447/https://literatuurplein.nl/detail/excursie/hasselt-b-/301	200	Klik
302	Hawkley	https://literatuurplein.nl/detail/excursie/hawkley/302	http://web.archive.org/web/20191127185453/https://literatuurplein.nl/detail/excursie/hawkley/302	200	Klik
303	Pokolbin	https://literatuurplein.nl/detail/excursie/pokolbin/303	http://web.archive.org/web/20191127190457/https://literatuurplein.nl/detail/excursie/pokolbin/303	200	Klik
304	London	https://literatuurplein.nl/detail/excursie/london/304	http://web.archive.org/web/20191127185926/https://literatuurplein.nl/detail/excursie/london/304	200	Klik
305	Archer City	https://literatuurplein.nl/detail/excursie/archer-city/305	http://web.archive.org/web/20191127184346/https://literatuurplein.nl/detail/excursie/archer-city/305	200	Klik
306	Clunes	https://literatuurplein.nl/detail/excursie/clunes/306	http://web.archive.org/web/20191127184916/https://literatuurplein.nl/detail/excursie/clunes/306	200	Klik
308	Hobart	https://literatuurplein.nl/detail/excursie/hobart/308	http://web.archive.org/web/20191127185559/https://literatuurplein.nl/detail/excursie/hobart/308	200	Klik
309	Rhenen	https://literatuurplein.nl/detail/excursie/rhenen/309	http://web.archive.org/web/20191127190547/https://literatuurplein.nl/detail/excursie/rhenen/309	200	Klik
310	Purmerend	https://literatuurplein.nl/detail/excursie/purmerend/310	http://web.archive.org/web/20191127190510/https://literatuurplein.nl/detail/excursie/purmerend/310	200	Klik
311	Wijk bij Duurstede	https://literatuurplein.nl/detail/excursie/wijk-bij-duurstede/311	http://web.archive.org/web/20191127191333/https://literatuurplein.nl/detail/excursie/wijk-bij-duurstede/311	200	Klik
312	Hoogstraten	https://literatuurplein.nl/detail/excursie/hoogstraten/312	http://web.archive.org/web/20191127185612/https://literatuurplein.nl/detail/excursie/hoogstraten/312	200	Klik
313	Higham	https://literatuurplein.nl/detail/excursie/higham/313	http://web.archive.org/web/20191127185541/https://literatuurplein.nl/detail/excursie/higham/313	200	Klik
314	Ommen	https://literatuurplein.nl/detail/excursie/ommen/314	http://web.archive.org/web/20191127190303/https://literatuurplein.nl/detail/excursie/ommen/314	200	Klik
314	Ommen	https://www.literatuurplein.nl/excursie.jsp?excursieId=314	http://web.archive.org/web/20191129211729/https://www.literatuurplein.nl/detail/excursie/ommen/314	200	Klik
315	Wenen	https://literatuurplein.nl/detail/excursie/wenen/315	http://web.archive.org/web/20191127191305/https://literatuurplein.nl/detail/excursie/wenen/315	200	Klik
315	Wenen	https://www.literatuurplein.nl/detail/excursie/wenen/315	http://web.archive.org/web/20191129103422/https://www.literatuurplein.nl/detail/excursie/wenen/315	200	Klik
315	Wenen	https://www.literatuurplein.nl/excursie.jsp?excursieId=315	http://web.archive.org/web/20191129211737/https://www.literatuurplein.nl/detail/excursie/wenen/315	200	Klik
316	Odessa	https://literatuurplein.nl/detail/excursie/odessa/316	http://web.archive.org/web/20191127190257/https://literatuurplein.nl/detail/excursie/odessa/316	200	Klik
316	Odessa	https://www.literatuurplein.nl/detail/excursie/odessa/316	http://web.archive.org/web/20191129103312/https://www.literatuurplein.nl/detail/excursie/odessa/316	200	Klik
317	Praag	https://literatuurplein.nl/detail/excursie/praag/317	http://web.archive.org/web/20191127190504/https://literatuurplein.nl/detail/excursie/praag/317	200	Klik
317	Praag	https://www.literatuurplein.nl/excursie.jsp?excursieId=317	http://web.archive.org/web/20191129211745/https://www.literatuurplein.nl/detail/excursie/praag/317	200	Klik
318	Salzburg	https://literatuurplein.nl/detail/excursie/salzburg/318	http://web.archive.org/web/20191127190738/https://literatuurplein.nl/detail/excursie/salzburg/318	200	Klik
318	Salzburg	https://www.literatuurplein.nl/excursie.jsp?excursieId=318	http://web.archive.org/web/20191129211753/https://www.literatuurplein.nl/detail/excursie/salzburg/318	200	Klik
319	Augsburg	https://literatuurplein.nl/detail/excursie/augsburg/319	http://web.archive.org/web/20191127184410/https://literatuurplein.nl/detail/excursie/augsburg/319	200	Klik
320	Lviv / Lwów	https://literatuurplein.nl/detail/excursie/lviv-lwow/320	http://web.archive.org/web/20191127185944/https://literatuurplein.nl/detail/excursie/lviv-lwow/320	200	Klik
321	Valkenswaard	https://literatuurplein.nl/detail/excursie/valkenswaard/321	http://web.archive.org/web/20191127191147/https://literatuurplein.nl/detail/excursie/valkenswaard/321	200	Klik
321	Valkenswaard	https://www.literatuurplein.nl/excursie.jsp?excursieId=321	http://web.archive.org/web/20191129211801/https://www.literatuurplein.nl/detail/excursie/valkenswaard/321	200	Klik
322	Ascona	https://literatuurplein.nl/detail/excursie/ascona/322	http://web.archive.org/web/20191127184358/https://literatuurplein.nl/detail/excursie/ascona/322	200	Klik
323	Kassel	https://literatuurplein.nl/detail/excursie/kassel/323	http://web.archive.org/web/20191127185727/https://literatuurplein.nl/detail/excursie/kassel/323	200	Klik
323	Kassel	https://www.literatuurplein.nl/excursie.jsp?excursieId=323	http://web.archive.org/web/20191129211809/https://www.literatuurplein.nl/detail/excursie/kassel/323	200	Klik
324	Bremen	https://literatuurplein.nl/detail/excursie/bremen/324	http://web.archive.org/web/20191127184701/https://literatuurplein.nl/detail/excursie/bremen/324	200	Klik
326	Ede	https://literatuurplein.nl/detail/excursie/ede/326	http://web.archive.org/web/20191127185119/https://literatuurplein.nl/detail/excursie/ede/326	200	Klik
327	Hanau	https://literatuurplein.nl/detail/excursie/hanau/327	http://web.archive.org/web/20191127185422/https://literatuurplein.nl/detail/excursie/hanau/327	200	Klik
328	Torquay	https://literatuurplein.nl/detail/excursie/torquay/328	http://web.archive.org/web/20191127191040/https://literatuurplein.nl/detail/excursie/torquay/328	200	Klik
329	Varsseveld	https://literatuurplein.nl/detail/excursie/varsseveld/329	http://web.archive.org/web/20191127191153/https://literatuurplein.nl/detail/excursie/varsseveld/329	200	Klik
329	Varsseveld	https://www.literatuurplein.nl/excursie.jsp?excursieId=329	http://web.archive.org/web/20191129211817/https://www.literatuurplein.nl/detail/excursie/varsseveld/329	200	Klik
330	New Quay	https://literatuurplein.nl/detail/excursie/new-quay/330	http://web.archive.org/web/20191127190215/https://literatuurplein.nl/detail/excursie/new-quay/330	200	Klik
330	New Quay	https://www.literatuurplein.nl/excursie.jsp?excursieId=330	http://web.archive.org/web/20191129211824/https://www.literatuurplein.nl/detail/excursie/new-quay/330	200	Klik
331	Laugharne	https://literatuurplein.nl/detail/excursie/laugharne/331	http://web.archive.org/web/20191127185810/https://literatuurplein.nl/detail/excursie/laugharne/331	200	Klik
332	Ulft	https://literatuurplein.nl/detail/excursie/ulft/332	http://web.archive.org/web/20191127191117/https://literatuurplein.nl/detail/excursie/ulft/332	200	Klik
333	Terborg	https://literatuurplein.nl/detail/excursie/terborg/333	http://web.archive.org/web/20191127191010/https://literatuurplein.nl/detail/excursie/terborg/333	200	Klik
334	Dorchester	https://literatuurplein.nl/detail/excursie/dorchester/334	http://web.archive.org/web/20191127185048/https://literatuurplein.nl/detail/excursie/dorchester/334	200	Klik
335	Pamplona	https://literatuurplein.nl/detail/excursie/pamplona/335	http://web.archive.org/web/20191127190413/https://literatuurplein.nl/detail/excursie/pamplona/335	200	Klik
336	Oostermeer / Eastermar	https://literatuurplein.nl/detail/excursie/oostermeer-eastermar/336	http://web.archive.org/web/20191127190318/https://literatuurplein.nl/detail/excursie/oostermeer-eastermar/336	200	Klik
337	Helpston	https://literatuurplein.nl/detail/excursie/helpston/337	http://web.archive.org/web/20191127185523/https://literatuurplein.nl/detail/excursie/helpston/337	200	Klik
338	Meppel	https://literatuurplein.nl/detail/excursie/meppel/338	http://web.archive.org/web/20191127190049/https://literatuurplein.nl/detail/excursie/meppel/338	200	Klik
339	Gorinchem	https://literatuurplein.nl/detail/excursie/gorinchem/339	http://web.archive.org/web/20191127185321/https://literatuurplein.nl/detail/excursie/gorinchem/339	200	Klik
340	Hürtgenwald	https://literatuurplein.nl/detail/excursie/hurtgenwald/340	http://web.archive.org/web/20191127185631/https://literatuurplein.nl/detail/excursie/hurtgenwald/340	200	Klik
341	Stuttgart	https://literatuurplein.nl/detail/excursie/stuttgart/341	http://web.archive.org/web/20191127190934/https://literatuurplein.nl/detail/excursie/stuttgart/341	200	Klik
342	Fowey	https://literatuurplein.nl/detail/excursie/fowey/342	http://web.archive.org/web/20191127185232/https://literatuurplein.nl/detail/excursie/fowey/342	200	Klik
342	Fowey	https://www.literatuurplein.nl/excursie.jsp?excursieId=342	http://web.archive.org/web/20191129211832/https://www.literatuurplein.nl/detail/excursie/fowey/342	200	Klik
343	Hiddensee	https://literatuurplein.nl/detail/excursie/hiddensee/343	http://web.archive.org/web/20191127185535/https://literatuurplein.nl/detail/excursie/hiddensee/343	200	Klik
344	Borrby	https://literatuurplein.nl/detail/excursie/borrby/344	http://web.archive.org/web/20191127184619/https://literatuurplein.nl/detail/excursie/borrby/344	200	Klik
345	Nemea	https://literatuurplein.nl/detail/excursie/nemea/345	http://web.archive.org/web/20191127190157/https://literatuurplein.nl/detail/excursie/nemea/345	200	Klik
347	Aalst	https://literatuurplein.nl/detail/excursie/aalst/347	http://web.archive.org/web/20191127184238/https://literatuurplein.nl/detail/excursie/aalst/347	200	Klik
347	Aalst	https://www.literatuurplein.nl/detail/excursie/aalst/347	http://web.archive.org/web/20191129102913/https://www.literatuurplein.nl/detail/excursie/aalst/347	200	Klik
347	Aalst	https://www.literatuurplein.nl/excursie.jsp?excursieId=347	http://web.archive.org/web/20191129211839/https://www.literatuurplein.nl/detail/excursie/aalst/347	200	Klik
348	Dendermonde	https://literatuurplein.nl/detail/excursie/dendermonde/348	http://web.archive.org/web/20191127185018/https://literatuurplein.nl/detail/excursie/dendermonde/348	200	Klik
349	Paju	https://literatuurplein.nl/detail/excursie/paju/349	http://web.archive.org/web/20191127190407/https://literatuurplein.nl/detail/excursie/paju/349	200	Klik
350	Bodenwerder	https://literatuurplein.nl/detail/excursie/bodenwerder/350	http://web.archive.org/web/20191127184607/https://literatuurplein.nl/detail/excursie/bodenwerder/350	200	Klik
351	Foudgum	https://literatuurplein.nl/detail/excursie/foudgum/351	http://web.archive.org/web/20191127185226/https://literatuurplein.nl/detail/excursie/foudgum/351	200	Klik
352	Granada	https://literatuurplein.nl/detail/excursie/granada/352	http://web.archive.org/web/20191127185339/https://literatuurplein.nl/detail/excursie/granada/352	200	Klik
353	Frankfurt am Main	https://literatuurplein.nl/detail/excursie/frankfurt-am-main/353	http://web.archive.org/web/20191127185238/https://literatuurplein.nl/detail/excursie/frankfurt-am-main/353	200	Klik
354	Llanon	https://literatuurplein.nl/detail/excursie/llanon/354	http://web.archive.org/web/20191127185912/https://literatuurplein.nl/detail/excursie/llanon/354	200	Klik
355	Bad Nieuweschans	https://literatuurplein.nl/detail/excursie/bad-nieuweschans/355	http://web.archive.org/web/20191127184441/https://literatuurplein.nl/detail/excursie/bad-nieuweschans/355	200	Klik
355	Bad Nieuweschans	https://www.literatuurplein.nl/excursie.jsp?excursieId=355	http://web.archive.org/web/20191129211847/https://www.literatuurplein.nl/detail/excursie/bad-nieuweschans/355	200	Klik
356	Ry	https://literatuurplein.nl/detail/excursie/ry/356	http://web.archive.org/web/20191127190641/https://literatuurplein.nl/detail/excursie/ry/356	200	Klik
357	Nantes	https://literatuurplein.nl/detail/excursie/nantes/357	http://web.archive.org/web/20191127190151/https://literatuurplein.nl/detail/excursie/nantes/357	200	Klik
357	Nantes	https://www.literatuurplein.nl/detail/excursie/nantes/357	http://web.archive.org/web/20191129103306/https://www.literatuurplein.nl/detail/excursie/nantes/357	200	Klik
358	Chambéry	https://literatuurplein.nl/detail/excursie/chambery/358	http://web.archive.org/web/20191127184833/https://literatuurplein.nl/detail/excursie/chambery/358	200	Klik
359	Bunnik	https://literatuurplein.nl/detail/excursie/bunnik/359	http://web.archive.org/web/20191127184750/https://literatuurplein.nl/detail/excursie/bunnik/359	200	Klik
360	Bad Ragaz	https://literatuurplein.nl/detail/excursie/bad-ragaz/360	http://web.archive.org/web/20191127184447/https://literatuurplein.nl/detail/excursie/bad-ragaz/360	200	Klik
360	Bad Ragaz	https://www.literatuurplein.nl/excursie.jsp?excursieId=360	http://web.archive.org/web/20191129211854/https://www.literatuurplein.nl/detail/excursie/bad-ragaz/360	200	Klik
361	Tamworth	https://literatuurplein.nl/detail/excursie/tamworth/361	http://web.archive.org/web/20191127191004/https://literatuurplein.nl/detail/excursie/tamworth/361	200	Klik
361	Tamworth	https://www.literatuurplein.nl/excursie.jsp?excursieId=361	http://web.archive.org/web/20191129211902/https://www.literatuurplein.nl/detail/excursie/tamworth/361	200	Klik
362	Bournemouth	https://literatuurplein.nl/detail/excursie/bournemouth/362	http://web.archive.org/web/20191127184637/https://literatuurplein.nl/detail/excursie/bournemouth/362	200	Klik
363	Collodi	https://literatuurplein.nl/detail/excursie/collodi/363	http://web.archive.org/web/20191127184929/https://literatuurplein.nl/detail/excursie/collodi/363	200	Klik
364	Salinas	https://literatuurplein.nl/detail/excursie/salinas/364	http://web.archive.org/web/20191127190732/https://literatuurplein.nl/detail/excursie/salinas/364	200	Klik
365	Big Sur	https://literatuurplein.nl/detail/excursie/big-sur/365	http://web.archive.org/web/20191127184601/https://literatuurplein.nl/detail/excursie/big-sur/365	200	Klik
366	Cambo-les-Bains	https://literatuurplein.nl/detail/excursie/cambo-les-bains/366	http://web.archive.org/web/20191127184815/https://literatuurplein.nl/detail/excursie/cambo-les-bains/366	200	Klik
367	Le Port-Marly	https://literatuurplein.nl/detail/excursie/le-port-marly/367	http://web.archive.org/web/20191127185847/https://literatuurplein.nl/detail/excursie/le-port-marly/367	200	Klik
367	Le Port-Marly	https://www.literatuurplein.nl/excursie.jsp?excursieId=367	http://web.archive.org/web/20191129211910/https://www.literatuurplein.nl/detail/excursie/le-port-marly/367	200	Klik
368	Rouen	https://literatuurplein.nl/detail/excursie/rouen/368	http://web.archive.org/web/20191127190629/https://literatuurplein.nl/detail/excursie/rouen/368	200	Klik
368	Rouen	https://www.literatuurplein.nl/detail/excursie/rouen/368	http://web.archive.org/web/20191129103352/https://www.literatuurplein.nl/detail/excursie/rouen/368	200	Klik
369	Le Havre	https://literatuurplein.nl/detail/excursie/le-havre/369	http://web.archive.org/web/20191127185835/https://literatuurplein.nl/detail/excursie/le-havre/369	200	Klik
369	Le Havre	https://www.literatuurplein.nl/excursie.jsp?excursieId=369	http://web.archive.org/web/20191129211918/https://www.literatuurplein.nl/detail/excursie/le-havre/369	200	Klik
371	Guernsey	https://literatuurplein.nl/detail/excursie/guernsey/371	http://web.archive.org/web/20191127185404/https://literatuurplein.nl/detail/excursie/guernsey/371	200	Klik
371	Guernsey	https://www.literatuurplein.nl/excursie.jsp?excursieId=371	http://web.archive.org/web/20191129211926/https://www.literatuurplein.nl/detail/excursie/guernsey/371	200	Klik
372	Médan	https://literatuurplein.nl/detail/excursie/medan/372	http://web.archive.org/web/20191127190042/https://literatuurplein.nl/detail/excursie/medan/372	200	Klik
372	Médan	https://www.literatuurplein.nl/excursie.jsp?excursieId=372	http://web.archive.org/web/20191129211933/https://www.literatuurplein.nl/detail/excursie/medan/372	200	Klik
373	Bougival	https://literatuurplein.nl/detail/excursie/bougival/373	http://web.archive.org/web/20191127184631/https://literatuurplein.nl/detail/excursie/bougival/373	200	Klik
373	Bougival	https://www.literatuurplein.nl/detail/excursie/bougival/373	http://web.archive.org/web/20191129103026/https://www.literatuurplein.nl/detail/excursie/bougival/373	200	Klik
373	Bougival	https://www.literatuurplein.nl/excursie.jsp?excursieId=373	http://web.archive.org/web/20191129211941/https://www.literatuurplein.nl/detail/excursie/bougival/373	200	Klik
374	Vulaines-sur-Seine	https://literatuurplein.nl/detail/excursie/vulaines-sur-seine/374	http://web.archive.org/web/20191127191247/https://literatuurplein.nl/detail/excursie/vulaines-sur-seine/374	200	Klik
375	Saint-Arnoult-en-Yvelines	https://literatuurplein.nl/detail/excursie/saint-arnoult-en-yvelines/375	http://web.archive.org/web/20191127190655/https://literatuurplein.nl/detail/excursie/saint-arnoult-en-yvelines/375	200	Klik
376	Châtenay-Malabry	https://literatuurplein.nl/detail/excursie/chatenay-malabry/376	http://web.archive.org/web/20191127184851/https://literatuurplein.nl/detail/excursie/chatenay-malabry/376	200	Klik
377	Saint-Malo	https://literatuurplein.nl/detail/excursie/saint-malo/377	http://web.archive.org/web/20191127190707/https://literatuurplein.nl/detail/excursie/saint-malo/377	200	Klik
378	Montmorency	https://literatuurplein.nl/detail/excursie/montmorency/378	http://web.archive.org/web/20191127190120/https://literatuurplein.nl/detail/excursie/montmorency/378	200	Klik
379	Bristol	https://literatuurplein.nl/detail/excursie/bristol/379	http://web.archive.org/web/20191127184713/https://literatuurplein.nl/detail/excursie/bristol/379	200	Klik
379	Bristol	https://www.literatuurplein.nl/excursie.jsp?excursieId=379	http://web.archive.org/web/20191129211949/https://www.literatuurplein.nl/detail/excursie/bristol/379	200	Klik
380	La Brède	https://literatuurplein.nl/detail/excursie/la-brede/380	http://web.archive.org/web/20191127185745/https://literatuurplein.nl/detail/excursie/la-brede/380	200	Klik
381	Saint-Maixant	https://literatuurplein.nl/detail/excursie/saint-maixant/381	http://web.archive.org/web/20191127190701/https://literatuurplein.nl/detail/excursie/saint-maixant/381	200	Klik
382	Broek in Waterland	https://literatuurplein.nl/detail/excursie/broek-in-waterland/382	http://web.archive.org/web/20191127184720/https://literatuurplein.nl/detail/excursie/broek-in-waterland/382	200	Klik
383	Saint-Michel-de-Montaigne	https://literatuurplein.nl/detail/excursie/saint-michel-de-montaigne/383	http://web.archive.org/web/20191127190713/https://literatuurplein.nl/detail/excursie/saint-michel-de-montaigne/383	200	Klik
384	La Châtre	https://literatuurplein.nl/detail/excursie/la-chatre/384	http://web.archive.org/web/20191127185751/https://literatuurplein.nl/detail/excursie/la-chatre/384	200	Klik
385	Fontaine-de-Vaucluse	https://literatuurplein.nl/detail/excursie/fontaine-de-vaucluse/385	http://web.archive.org/web/20191127185220/https://literatuurplein.nl/detail/excursie/fontaine-de-vaucluse/385	200	Klik
386	Bath	https://literatuurplein.nl/detail/excursie/bath/386	http://web.archive.org/web/20191127184506/https://literatuurplein.nl/detail/excursie/bath/386	200	Klik
386	Bath	https://www.literatuurplein.nl/excursie.jsp?excursieId=386	http://web.archive.org/web/20191129211956/https://www.literatuurplein.nl/detail/excursie/bath/386	200	Klik
387	Ravenshead	https://literatuurplein.nl/detail/excursie/ravenshead/387	http://web.archive.org/web/20191127190523/https://literatuurplein.nl/detail/excursie/ravenshead/387	200	Klik
387	Ravenshead	https://www.literatuurplein.nl/excursie.jsp?excursieId=387	http://web.archive.org/web/20191129212004/https://www.literatuurplein.nl/detail/excursie/ravenshead/387	200	Klik
388	Alcalá de  Henares	https://literatuurplein.nl/detail/excursie/alcala-de-henares/388	http://web.archive.org/web/20191127184251/https://literatuurplein.nl/detail/excursie/alcala-de-henares/388	200	Klik
388	Alcalá de  Henares	https://www.literatuurplein.nl/excursie.jsp?excursieId=388	http://web.archive.org/web/20191129212012/https://www.literatuurplein.nl/detail/excursie/alcala-de-henares/388	200	Klik
389	Toledo	https://literatuurplein.nl/detail/excursie/toledo/389	http://web.archive.org/web/20191127191034/https://literatuurplein.nl/detail/excursie/toledo/389	200	Klik
390	Rolvenden	https://literatuurplein.nl/detail/excursie/rolvenden/390	http://web.archive.org/web/20191127190611/https://literatuurplein.nl/detail/excursie/rolvenden/390	200	Klik
391	Lisse	https://literatuurplein.nl/detail/excursie/lisse/391	http://web.archive.org/web/20191127185906/https://literatuurplein.nl/detail/excursie/lisse/391	200	Klik
391	Lisse	https://www.literatuurplein.nl/detail/excursie/lisse/391	http://web.archive.org/web/20191129103234/https://www.literatuurplein.nl/detail/excursie/lisse/391	200	Klik
391	Lisse	https://www.literatuurplein.nl/excursie.jsp?excursieId=391	http://web.archive.org/web/20191129212020/https://www.literatuurplein.nl/detail/excursie/lisse/391	200	Klik
392	Charleville-Mézières	https://literatuurplein.nl/detail/excursie/charleville-mezieres/392	http://web.archive.org/web/20191127184839/https://literatuurplein.nl/detail/excursie/charleville-mezieres/392	200	Klik
392	Charleville-Mézières	https://www.literatuurplein.nl/detail/excursie/charleville-mezieres/392	http://web.archive.org/web/20191129103056/https://www.literatuurplein.nl/detail/excursie/charleville-mezieres/392	200	Klik
393	Epineuil-le-Fleuriel	https://literatuurplein.nl/detail/excursie/epineuil-le-fleuriel-/393	http://web.archive.org/web/20191127185150/https://literatuurplein.nl/detail/excursie/epineuil-le-fleuriel-/393	200	Klik
394	Sint-Amands	https://literatuurplein.nl/detail/excursie/sint-amands/394	http://web.archive.org/web/20191127190838/https://literatuurplein.nl/detail/excursie/sint-amands/394	200	Klik
394	Sint-Amands	https://www.literatuurplein.nl/excursie.jsp?excursieId=394	http://web.archive.org/web/20191129212028/https://www.literatuurplein.nl/detail/excursie/sint-amands/394	200	Klik
395	Grenoble	https://literatuurplein.nl/detail/excursie/grenoble/395	http://web.archive.org/web/20191127185352/https://literatuurplein.nl/detail/excursie/grenoble/395	200	Klik
396	Seuilly	https://literatuurplein.nl/detail/excursie/seuilly/396	http://web.archive.org/web/20191127190832/https://literatuurplein.nl/detail/excursie/seuilly/396	200	Klik
397	Folkestone	https://literatuurplein.nl/detail/excursie/folkestone/397	http://web.archive.org/web/20191127185214/https://literatuurplein.nl/detail/excursie/folkestone/397	200	Klik
398	Triëst	https://literatuurplein.nl/detail/excursie/triest/398	http://web.archive.org/web/20191127191046/https://literatuurplein.nl/detail/excursie/triest/398	200	Klik
399	Chateau-Thierry	https://literatuurplein.nl/detail/excursie/chateau-thierry/399	http://web.archive.org/web/20191127184845/https://literatuurplein.nl/detail/excursie/chateau-thierry/399	200	Klik
399	Chateau-Thierry	https://www.literatuurplein.nl/excursie.jsp?excursieId=399	http://web.archive.org/web/20191129212036/https://www.literatuurplein.nl/detail/excursie/chateau-thierry/399	200	Klik
400	Sveg	https://literatuurplein.nl/detail/excursie/sveg/400	http://web.archive.org/web/20191127190940/https://literatuurplein.nl/detail/excursie/sveg/400	200	Klik
400	Sveg	https://www.literatuurplein.nl/excursie.jsp?excursieId=400	http://web.archive.org/web/20191129212052/https://www.literatuurplein.nl/detail/excursie/sveg/400	200	Klik
401	Gloucester	https://literatuurplein.nl/detail/excursie/gloucester/401	http://web.archive.org/web/20191127185309/https://literatuurplein.nl/detail/excursie/gloucester/401	200	Klik
402	Agoura Hills	https://literatuurplein.nl/detail/excursie/agoura-hills/402	http://web.archive.org/web/20191127184245/https://literatuurplein.nl/detail/excursie/agoura-hills/402	200	Klik
403	Atlanta	https://literatuurplein.nl/detail/excursie/atlanta/403	http://web.archive.org/web/20191127184404/https://literatuurplein.nl/detail/excursie/atlanta/403	200	Klik
404	Nieuw-Vossemeer	https://literatuurplein.nl/detail/excursie/nieuw-vossemeer/404	http://web.archive.org/web/20191127190227/https://literatuurplein.nl/detail/excursie/nieuw-vossemeer/404	200	Klik
405	Zierikzee	https://literatuurplein.nl/detail/excursie/zierikzee/405	http://web.archive.org/web/20191127191358/https://literatuurplein.nl/detail/excursie/zierikzee/405	200	Klik
406	Nuenen	https://literatuurplein.nl/detail/excursie/nuenen/406	http://web.archive.org/web/20191127190245/https://literatuurplein.nl/detail/excursie/nuenen/406	200	Klik
406	Nuenen	https://www.literatuurplein.nl/excursie.jsp?excursieId=406	http://web.archive.org/web/20191129212100/https://www.literatuurplein.nl/detail/excursie/nuenen/406	200	Klik
407	Warns	https://literatuurplein.nl/detail/excursie/warns/407	http://web.archive.org/web/20191127191253/https://literatuurplein.nl/detail/excursie/warns/407	200	Klik
408	Chicago	https://literatuurplein.nl/detail/excursie/chicago/408	http://web.archive.org/web/20191127184910/https://literatuurplein.nl/detail/excursie/chicago/408	200	Klik
408	Chicago	https://www.literatuurplein.nl/excursie.jsp?excursieId=408	http://web.archive.org/web/20191129212107/https://www.literatuurplein.nl/detail/excursie/chicago/408	200	Klik
410	Los Angeles	https://literatuurplein.nl/detail/excursie/los-angeles/410	http://web.archive.org/web/20191127185932/https://literatuurplein.nl/detail/excursie/los-angeles/410	200	Klik
410	Los Angeles	https://www.literatuurplein.nl/excursie.jsp?excursieId=410	http://web.archive.org/web/20191129212123/https://www.literatuurplein.nl/detail/excursie/los-angeles/410	200	Klik
411	Moskou	https://literatuurplein.nl/detail/excursie/moskou/411	http://web.archive.org/web/20191127190126/https://literatuurplein.nl/detail/excursie/moskou/411	200	Klik
411	Moskou	https://www.literatuurplein.nl/detail/excursie/moskou/411	http://web.archive.org/web/20191129103300/https://www.literatuurplein.nl/detail/excursie/moskou/411	200	Klik
411	Moskou	https://www.literatuurplein.nl/excursie.jsp?excursieId=411	http://web.archive.org/web/20191129212130/https://www.literatuurplein.nl/detail/excursie/moskou/411	200	Klik
412	Hillsboro	https://literatuurplein.nl/detail/excursie/hillsboro/412	http://web.archive.org/web/20191127185547/https://literatuurplein.nl/detail/excursie/hillsboro/412	200	Klik
413	Philadelphia	https://literatuurplein.nl/detail/excursie/philadelphia/413	http://web.archive.org/web/20191127190439/https://literatuurplein.nl/detail/excursie/philadelphia/413	200	Klik
414	Pianosa	https://literatuurplein.nl/detail/excursie/pianosa/414	http://web.archive.org/web/20191127190445/https://literatuurplein.nl/detail/excursie/pianosa/414	200	Klik
417	Hulst	https://literatuurplein.nl/detail/excursie/hulst/417	http://web.archive.org/web/20191127185624/https://literatuurplein.nl/detail/excursie/hulst/417	200	Klik
418	Terschelling	https://literatuurplein.nl/detail/excursie/terschelling/418	http://web.archive.org/web/20191127191022/https://literatuurplein.nl/detail/excursie/terschelling/418	200	Klik
419	Dwingeloo	https://literatuurplein.nl/detail/excursie/dwingeloo/419	http://web.archive.org/web/20191127185113/https://literatuurplein.nl/detail/excursie/dwingeloo/419	200	Klik
420	Biddinghuizen	https://literatuurplein.nl/detail/excursie/biddinghuizen/420	http://web.archive.org/web/20191127184555/https://literatuurplein.nl/detail/excursie/biddinghuizen/420	200	Klik
421	Orvelte	https://literatuurplein.nl/detail/excursie/orvelte/421	http://web.archive.org/web/20191127190330/https://literatuurplein.nl/detail/excursie/orvelte/421	200	Klik
		https://www.literatuurplein.nl/excursies	http://web.archive.org/web/20191129212445/https://www.literatuurplein.nl/excursies	200	Klik
		https://www.literatuurplein.nl/excursies.jsp	http://web.archive.org/web/20191129212454/https://www.literatuurplein.nl/excursies	200	Klik