PrijsID	Prijs	LiteratuurpleinURL	LiteratuurpleinArchiefURL	ArchiefURLStatusCheck-17122019	
1	Libris Literatuur Prijs	https://literatuurplein.nl/detail/literaireprijs/libris-literatuur-prijs/1	http://web.archive.org/web/20191126211325/https://literatuurplein.nl/detail/literaireprijs/libris-literatuur-prijs/1	200	Klik
1	Libris Literatuur Prijs	https://www.literatuurplein.nl/litprijs.jsp?litPrijsId=1	http://web.archive.org/web/20191129213209/https://www.literatuurplein.nl/litprijs?litPrijsId=1	200	Klik
1	Libris Literatuur Prijs	https://www.literatuurplein.nl/detail/literaireprijs/libris-literatuur-prijs/1	http://web.archive.org/web/20191129105611/https://www.literatuurplein.nl/detail/literaireprijs/libris-literatuur-prijs/1	200	Klik
2	AKO-Literatuurprijs	https://literatuurplein.nl/detail/literaireprijs/ako-literatuurprijs/2	http://web.archive.org/web/20191126210354/https://literatuurplein.nl/detail/literaireprijs/ako-literatuurprijs/2	200	Klik
2	AKO-Literatuurprijs	https://www.literatuurplein.nl/litprijs.jsp?litPrijsId=2	http://web.archive.org/web/20191129213404/https://www.literatuurplein.nl/litprijs?litPrijsId=2	200	Klik
2	AKO-Literatuurprijs	https://www.literatuurplein.nl/litprijs?litPrijsId=2	http://web.archive.org/web/20191129213851/https://www.literatuurplein.nl/litprijs?litPrijsId=2	200	Klik
2	AKO-Literatuurprijs	https://www.literatuurplein.nl/detail/literaireprijs/ako-literatuurprijs/2	http://web.archive.org/web/20191129105227/https://www.literatuurplein.nl/detail/literaireprijs/ako-literatuurprijs/2	200	Klik
3	Gouden Uil Literatuurprijs	https://literatuurplein.nl/detail/literaireprijs/gouden-uil-literatuurprijs/3	http://web.archive.org/web/20191126210954/https://literatuurplein.nl/detail/literaireprijs/gouden-uil-literatuurprijs/3	200	Klik
3	Gouden Uil Literatuurprijs	https://www.literatuurplein.nl/litprijs.jsp?litPrijsId=3	http://web.archive.org/web/20191129213455/https://www.literatuurplein.nl/litprijs?litPrijsId=3	200	Klik
3	Gouden Uil Literatuurprijs	https://www.literatuurplein.nl/detail/literaireprijs/gouden-uil-literatuurprijs/3	http://web.archive.org/web/20191129105522/https://www.literatuurplein.nl/detail/literaireprijs/gouden-uil-literatuurprijs/3	200	Klik
4	Nobelprijs voor literatuur	https://literatuurplein.nl/detail/literaireprijs/nobelprijs-voor-literatuur/4	http://web.archive.org/web/20191126211451/https://literatuurplein.nl/detail/literaireprijs/nobelprijs-voor-literatuur/4	200	Klik
4	Nobelprijs voor literatuur	https://www.literatuurplein.nl/litprijs.jsp?litPrijsId=4	http://web.archive.org/web/20191129213516/https://www.literatuurplein.nl/litprijs?litPrijsId=4	200	Klik
4	Nobelprijs voor literatuur	https://www.literatuurplein.nl/litprijs?litPrijsId=4	http://web.archive.org/web/20191129213857/https://www.literatuurplein.nl/litprijs?litPrijsId=4	200	Klik
4	Nobelprijs voor literatuur	https://www.literatuurplein.nl/detail/literaireprijs/nobelprijs-voor-literatuur/4	http://web.archive.org/web/20191129105636/https://www.literatuurplein.nl/detail/literaireprijs/nobelprijs-voor-literatuur/4	200	Klik
5	Gouden Uil Jeugdliteratuurprijs	https://literatuurplein.nl/detail/literaireprijs/gouden-uil-jeugdliteratuurprijs/5	http://web.archive.org/web/20191126210947/https://literatuurplein.nl/detail/literaireprijs/gouden-uil-jeugdliteratuurprijs/5	200	Klik
5	Gouden Uil Jeugdliteratuurprijs	https://www.literatuurplein.nl/litprijs.jsp?litPrijsId=5	http://web.archive.org/web/20191129213546/https://www.literatuurplein.nl/litprijs?litPrijsId=5	200	Klik
5	Gouden Uil Jeugdliteratuurprijs	https://www.literatuurplein.nl/detail/literaireprijs/gouden-uil-jeugdliteratuurprijs/5	http://web.archive.org/web/20191129105516/https://www.literatuurplein.nl/detail/literaireprijs/gouden-uil-jeugdliteratuurprijs/5	200	Klik
6	P.C. Hooft-prijs	https://literatuurplein.nl/detail/literaireprijs/p-c-hooft-prijs/6	http://web.archive.org/web/20191126211516/https://literatuurplein.nl/detail/literaireprijs/p-c-hooft-prijs/6	200	Klik
6	P.C. Hooft-prijs	https://www.literatuurplein.nl/litprijs.jsp?litPrijsId=6	http://web.archive.org/web/20191129213627/https://www.literatuurplein.nl/litprijs?litPrijsId=6	200	Klik
6	P.C. Hooft-prijs	https://www.literatuurplein.nl/detail/literaireprijs/p-c-hooft-prijs/6	http://web.archive.org/web/20191129105649/https://www.literatuurplein.nl/detail/literaireprijs/p-c-hooft-prijs/6	200	Klik
7	Theo Thijssen-prijs	https://literatuurplein.nl/detail/literaireprijs/theo-thijssen-prijs/7	http://web.archive.org/web/20191126211630/https://literatuurplein.nl/detail/literaireprijs/theo-thijssen-prijs/7	200	Klik
7	Theo Thijssen-prijs	https://www.literatuurplein.nl/litprijs.jsp?litPrijsId=7	http://web.archive.org/web/20191129213706/https://www.literatuurplein.nl/litprijs?litPrijsId=7	200	Klik
7	Theo Thijssen-prijs	https://www.literatuurplein.nl/detail/literaireprijs/theo-thijssen-prijs/7	http://web.archive.org/web/20191129105710/https://www.literatuurplein.nl/detail/literaireprijs/theo-thijssen-prijs/7	200	Klik
8	Max Velthuijs-prijs	https://literatuurplein.nl/detail/literaireprijs/max-velthuijs-prijs/8	http://web.archive.org/web/20191126211356/https://literatuurplein.nl/detail/literaireprijs/max-velthuijs-prijs/8	200	Klik
10	Constantijn Huygens-prijs	https://literatuurplein.nl/detail/literaireprijs/constantijn-huygens-prijs/10	http://web.archive.org/web/20191126210730/https://literatuurplein.nl/detail/literaireprijs/constantijn-huygens-prijs/10	200	Klik
10	Constantijn Huygens-prijs	https://www.literatuurplein.nl/litprijs.jsp?litPrijsId=10	http://web.archive.org/web/20191129213216/https://www.literatuurplein.nl/litprijs?litPrijsId=10	200	Klik
10	Constantijn Huygens-prijs	https://www.literatuurplein.nl/detail/literaireprijs/constantijn-huygens-prijs/10	http://web.archive.org/web/20191129105352/https://www.literatuurplein.nl/detail/literaireprijs/constantijn-huygens-prijs/10	200	Klik
12	Jan Campert-prijs	https://literatuurplein.nl/detail/literaireprijs/jan-campert-prijs/12	http://web.archive.org/web/20191126211147/https://literatuurplein.nl/detail/literaireprijs/jan-campert-prijs/12	200	Klik
12	Jan Campert-prijs	https://www.literatuurplein.nl/litprijs.jsp?litPrijsId=12	http://web.archive.org/web/20191129213329/https://www.literatuurplein.nl/litprijs?litPrijsId=12	200	Klik
13	F. Bordewijk-prijs	https://literatuurplein.nl/detail/literaireprijs/f-bordewijk-prijs/13	http://web.archive.org/web/20191126210839/https://literatuurplein.nl/detail/literaireprijs/f-bordewijk-prijs/13	200	Klik
13	F. Bordewijk-prijs	https://www.literatuurplein.nl/litprijs.jsp?litPrijsId=13	http://web.archive.org/web/20191129213336/https://www.literatuurplein.nl/litprijs?litPrijsId=13	200	Klik
13	F. Bordewijk-prijs	https://www.literatuurplein.nl/detail/literaireprijs/f-bordewijk-prijs/13	http://web.archive.org/web/20191129105428/https://www.literatuurplein.nl/detail/literaireprijs/f-bordewijk-prijs/13	200	Klik
14	J. Greshoff-prijs	https://literatuurplein.nl/detail/literaireprijs/j-greshoff-prijs/14	http://web.archive.org/web/20191126211123/https://literatuurplein.nl/detail/literaireprijs/j-greshoff-prijs/14	200	Klik
15	G.H.’s-Gravesande-prijs	https://literatuurplein.nl/detail/literaireprijs/g-h-s-gravesande-prijs/15	http://web.archive.org/web/20191126210904/https://literatuurplein.nl/detail/literaireprijs/g-h-s-gravesande-prijs/15	200	Klik
16	Nienke van Hichtum-prijs	https://literatuurplein.nl/detail/literaireprijs/nienke-van-hichtum-prijs/16	http://web.archive.org/web/20191126211438/https://literatuurplein.nl/detail/literaireprijs/nienke-van-hichtum-prijs/16	200	Klik
16	Nienke van Hichtum-prijs	https://www.literatuurplein.nl/litprijs.jsp?litPrijsId=16	http://web.archive.org/web/20191129213343/https://www.literatuurplein.nl/litprijs?litPrijsId=16	200	Klik
17	Vijverbergprijs	https://literatuurplein.nl/detail/literaireprijs/vijverbergprijs/17	http://web.archive.org/web/20191126211649/https://literatuurplein.nl/detail/literaireprijs/vijverbergprijs/17	200	Klik
17	Vijverbergprijs	https://www.literatuurplein.nl/litprijs.jsp?litPrijsId=17	http://web.archive.org/web/20191129213350/https://www.literatuurplein.nl/litprijs?litPrijsId=17	200	Klik
17	Vijverbergprijs	https://www.literatuurplein.nl/detail/literaireprijs/vijverberg-prijs/17	http://web.archive.org/web/20191129105716/https://www.literatuurplein.nl/detail/literaireprijs/vijverberg-prijs/17	200	Klik
18	Bijzondere prijs van de Jan Campert-stichting	https://literatuurplein.nl/detail/literaireprijs/bijzondere-prijs-van-de-jan-campert-stichting/18	http://web.archive.org/web/20191126210514/https://literatuurplein.nl/detail/literaireprijs/bijzondere-prijs-van-de-jan-campert-stichting/18	200	Klik
19	BookSpot Gouden Strop	https://literatuurplein.nl/detail/literaireprijs/bookspot-gouden-strop/19	http://web.archive.org/web/20191126210603/https://literatuurplein.nl/detail/literaireprijs/bookspot-gouden-strop/19	200	Klik
19	BookSpot Gouden Strop	https://www.literatuurplein.nl/litprijs.jsp?litPrijsId=19	http://web.archive.org/web/20191129213357/https://www.literatuurplein.nl/litprijs?litPrijsId=19	200	Klik
19	BookSpot Gouden Strop	https://www.literatuurplein.nl/detail/literaireprijs/bookspot-gouden-strop/19	http://web.archive.org/web/20191129105327/https://www.literatuurplein.nl/detail/literaireprijs/bookspot-gouden-strop/19	200	Klik
19	BookSpot Gouden Strop	https://www.literatuurplein.nl/detail/literaireprijs/gouden-strop/19	http://web.archive.org/web/20191129105510/https://www.literatuurplein.nl/detail/literaireprijs/gouden-strop/19	200	Klik
20	Prijs der Nederlandse Letteren	https://literatuurplein.nl/detail/literaireprijs/prijs-der-nederlandse-letteren/20	http://web.archive.org/web/20191126211535/https://literatuurplein.nl/detail/literaireprijs/prijs-der-nederlandse-letteren/20	200	Klik
20	Prijs der Nederlandse Letteren	https://www.literatuurplein.nl/litprijs.jsp?litPrijsId=20	http://web.archive.org/web/20191129213410/https://www.literatuurplein.nl/litprijs?litPrijsId=20	200	Klik
20	Prijs der Nederlandse Letteren	https://www.literatuurplein.nl/detail/literaireprijs/prijs-der-nederlandse-letteren/20	http://web.archive.org/web/20191129105655/https://www.literatuurplein.nl/detail/literaireprijs/prijs-der-nederlandse-letteren/20	200	Klik
21	Prijs voor Vlaams-Nederlandse Culturele Samenwerking	https://literatuurplein.nl/detail/literaireprijs/prijs-voor-vlaams-nederlandse-culturele-samenwerking/21	http://web.archive.org/web/20191126211559/https://literatuurplein.nl/detail/literaireprijs/prijs-voor-vlaams-nederlandse-culturele-samenwerking/21	200	Klik
21	Prijs voor Vlaams-Nederlandse Culturele Samenwerking	https://www.literatuurplein.nl/litprijs.jsp?litPrijsId=21	http://web.archive.org/web/20191129213417/https://www.literatuurplein.nl/litprijs?litPrijsId=21	200	Klik
22	Anna Bijns Prijs	https://literatuurplein.nl/detail/literaireprijs/anna-bijns-prijs/22	http://web.archive.org/web/20191126210409/https://literatuurplein.nl/detail/literaireprijs/anna-bijns-prijs/22	200	Klik
22	Anna Bijns Prijs	https://www.literatuurplein.nl/litprijs.jsp?litPrijsId=22	http://web.archive.org/web/20191129213427/https://www.literatuurplein.nl/litprijs?litPrijsId=22	200	Klik
23	Gouden Ganzenveer	https://literatuurplein.nl/detail/literaireprijs/gouden-ganzenveer/23	http://web.archive.org/web/20191126210934/https://literatuurplein.nl/detail/literaireprijs/gouden-ganzenveer/23	200	Klik
23	Gouden Ganzenveer	https://www.literatuurplein.nl/litprijs.jsp?litPrijsId=23	http://web.archive.org/web/20191129213434/https://www.literatuurplein.nl/litprijs?litPrijsId=23	200	Klik
24	Woutertje Pieterse Prijs	https://literatuurplein.nl/detail/literaireprijs/woutertje-pieterse-prijs/24	http://web.archive.org/web/20191126211701/https://literatuurplein.nl/detail/literaireprijs/woutertje-pieterse-prijs/24	200	Klik
24	Woutertje Pieterse Prijs	https://www.literatuurplein.nl/detail/literaireprijs/woutertje-pieterse-prijs/24	http://web.archive.org/web/20191129105729/https://www.literatuurplein.nl/detail/literaireprijs/woutertje-pieterse-prijs/24	200	Klik
25	Lucy B. en C.W. van der Hoogt-prijs	https://literatuurplein.nl/detail/literaireprijs/lucy-b-en-c-w-van-der-hoogt-prijs/25	http://web.archive.org/web/20191126211331/https://literatuurplein.nl/detail/literaireprijs/lucy-b-en-c-w-van-der-hoogt-prijs/25	200	Klik
25	Lucy B. en C.W. van der Hoogt-prijs	https://www.literatuurplein.nl/litprijs.jsp?litPrijsId=25	http://web.archive.org/web/20191129213440/https://www.literatuurplein.nl/litprijs?litPrijsId=25	200	Klik
25	Lucy B. en C.W. van der Hoogt-prijs	https://www.literatuurplein.nl/detail/literaireprijs/lucy-b-en-c-w-van-der-hoogt-prijs/25	http://web.archive.org/web/20191129105618/https://www.literatuurplein.nl/detail/literaireprijs/lucy-b-en-c-w-van-der-hoogt-prijs/25	200	Klik
26	C.W. van der Hoogt-prijs	https://literatuurplein.nl/detail/literaireprijs/c-w-van-der-hoogt-prijs/26	http://web.archive.org/web/20191126210718/https://literatuurplein.nl/detail/literaireprijs/c-w-van-der-hoogt-prijs/26	200	Klik
26	C.W. van der Hoogt-prijs	https://www.literatuurplein.nl/litprijs.jsp?litPrijsId=26	http://web.archive.org/web/20191129213447/https://www.literatuurplein.nl/litprijs?litPrijsId=26	200	Klik
26	C.W. van der Hoogt-prijs	https://www.literatuurplein.nl/detail/literaireprijs/c-w-van-der-hoogt-prijs/26	http://web.archive.org/web/20191129105358/https://www.literatuurplein.nl/detail/literaireprijs/c-w-van-der-hoogt-prijs/26	200	Klik
27	Haagsche Post-prijs	https://literatuurplein.nl/detail/literaireprijs/haagsche-post-prijs/27	http://web.archive.org/web/20191126211014/https://literatuurplein.nl/detail/literaireprijs/haagsche-post-prijs/27	200	Klik
28	Frans Kellendonk-prijs	https://literatuurplein.nl/detail/literaireprijs/frans-kellendonk-prijs/28	http://web.archive.org/web/20191126210858/https://literatuurplein.nl/detail/literaireprijs/frans-kellendonk-prijs/28	200	Klik
29	Prijs voor Meesterschap	https://literatuurplein.nl/detail/literaireprijs/prijs-voor-meesterschap/29	http://web.archive.org/web/20191126211553/https://literatuurplein.nl/detail/literaireprijs/prijs-voor-meesterschap/29	200	Klik
30	Henriëtte Roland Holst-prijs	https://literatuurplein.nl/detail/literaireprijs/henriette-roland-holst-prijs/30	http://web.archive.org/web/20191126211039/https://literatuurplein.nl/detail/literaireprijs/henriette-roland-holst-prijs/30	200	Klik
31	Henriëtte de Beaufort-prijs	https://literatuurplein.nl/detail/literaireprijs/henriette-de-beaufort-prijs/31	http://web.archive.org/web/20191126211033/https://literatuurplein.nl/detail/literaireprijs/henriette-de-beaufort-prijs/31	200	Klik
32	Dr. Wijnaendts Francken-prijs	https://literatuurplein.nl/detail/literaireprijs/dr-wijnaendts-francken-prijs/32	http://web.archive.org/web/20191126210814/https://literatuurplein.nl/detail/literaireprijs/dr-wijnaendts-francken-prijs/32	200	Klik
33	C. Louis Leipoldt-prijs	https://literatuurplein.nl/detail/literaireprijs/c-louis-leipoldt-prijs/33	http://web.archive.org/web/20191126210659/https://literatuurplein.nl/detail/literaireprijs/c-louis-leipoldt-prijs/33	200	Klik
34	C. Buddingh'-prijs voor Nieuwe Nederlandstalige Poëzie	https://literatuurplein.nl/detail/literaireprijs/c-buddingh-prijs-voor-nieuwe-nederlandstalige-poezie/34	http://web.archive.org/web/20191126210653/https://literatuurplein.nl/detail/literaireprijs/c-buddingh-prijs-voor-nieuwe-nederlandstalige-poezie/34	200	Klik
34	C. Buddingh'-prijs voor Nieuwe Nederlandstalige Poëzie	https://www.literatuurplein.nl/litprijs.jsp?litPrijsId=34	http://web.archive.org/web/20191129213502/https://www.literatuurplein.nl/litprijs?litPrijsId=34	200	Klik
34	C. Buddingh'-prijs voor Nieuwe Nederlandstalige Poëzie	https://www.literatuurplein.nl/detail/literaireprijs/c-buddingh-prijs-voor-nieuwe-nederlandstalige-poezie/34	http://web.archive.org/web/20191129105346/https://www.literatuurplein.nl/detail/literaireprijs/c-buddingh-prijs-voor-nieuwe-nederlandstalige-poezie/34	200	Klik
35	OPZIJ Literatuurprijs	https://literatuurplein.nl/detail/literaireprijs/opzij-literatuurprijs/35	http://web.archive.org/web/20191126211510/https://literatuurplein.nl/detail/literaireprijs/opzij-literatuurprijs/35	200	Klik
36	Anton Wachterprijs	https://literatuurplein.nl/detail/literaireprijs/anton-wachterprijs/36	http://web.archive.org/web/20191126210428/https://literatuurplein.nl/detail/literaireprijs/anton-wachterprijs/36	200	Klik
36	Anton Wachterprijs	https://www.literatuurplein.nl/litprijs.jsp?litPrijsId=36	http://web.archive.org/web/20191129213509/https://www.literatuurplein.nl/litprijs?litPrijsId=36	200	Klik
36	Anton Wachterprijs	https://www.literatuurplein.nl/detail/literaireprijs/anton-wachterprijs/36	http://web.archive.org/web/20191129105245/https://www.literatuurplein.nl/detail/literaireprijs/anton-wachterprijs/36	200	Klik
37	BookSpot Schaduwprijs	https://literatuurplein.nl/detail/literaireprijs/bookspot-schaduwprijs/37	http://web.archive.org/web/20191126210632/https://literatuurplein.nl/detail/literaireprijs/bookspot-schaduwprijs/37	200	Klik
37	BookSpot Schaduwprijs	https://www.literatuurplein.nl/detail/literaireprijs/bookspot-schaduwprijs/37	http://web.archive.org/web/20191129105339/https://www.literatuurplein.nl/detail/literaireprijs/bookspot-schaduwprijs/37	200	Klik
38	Ida Gerhardt Poëzieprijs	https://literatuurplein.nl/detail/literaireprijs/ida-gerhardt-poezieprijs/38	http://web.archive.org/web/20191126211110/https://literatuurplein.nl/detail/literaireprijs/ida-gerhardt-poezieprijs/38	200	Klik
39	Zeeuwse Boekenprijs	https://literatuurplein.nl/detail/literaireprijs/zeeuwse-boekenprijs/39	http://web.archive.org/web/20191126211707/https://literatuurplein.nl/detail/literaireprijs/zeeuwse-boekenprijs/39	200	Klik
39	Zeeuwse Boekenprijs	https://www.literatuurplein.nl/detail/literaireprijs/zeeuwse-boekenprijs/39	http://web.archive.org/web/20191129105735/https://www.literatuurplein.nl/detail/literaireprijs/zeeuwse-boekenprijs/39	200	Klik
40	NS Publieksprijs	https://literatuurplein.nl/detail/literaireprijs/ns-publieksprijs/40	http://web.archive.org/web/20191126211504/https://literatuurplein.nl/detail/literaireprijs/ns-publieksprijs/40	200	Klik
40	NS Publieksprijs	https://www.literatuurplein.nl/litprijs.jsp?litPrijsId=40	http://web.archive.org/web/20191129213523/https://www.literatuurplein.nl/litprijs?litPrijsId=40	200	Klik
40	NS Publieksprijs	https://www.literatuurplein.nl/detail/literaireprijs/ns-publieksprijs/40	http://web.archive.org/web/20191129105642/https://www.literatuurplein.nl/detail/literaireprijs/ns-publieksprijs/40	200	Klik
41	Gouden Griffel	https://literatuurplein.nl/detail/literaireprijs/gouden-griffel/41	http://web.archive.org/web/20191126211002/https://literatuurplein.nl/detail/literaireprijs/gouden-griffel/41	200	Klik
41	Gouden Griffel	https://www.literatuurplein.nl/litprijs.jsp?litPrijsId=41	http://web.archive.org/web/20191129213530/https://www.literatuurplein.nl/litprijs?litPrijsId=41	200	Klik
41	Gouden Griffel	https://www.literatuurplein.nl/detail/literaireprijs/gouden-griffel/41	http://web.archive.org/web/20191129105458/https://www.literatuurplein.nl/detail/literaireprijs/gouden-griffel/41	200	Klik
42	Nederlandse Kinderjury	https://literatuurplein.nl/detail/literaireprijs/nederlandse-kinderjury/42	http://web.archive.org/web/20191126211420/https://literatuurplein.nl/detail/literaireprijs/nederlandse-kinderjury/42	200	Klik
42	Nederlandse Kinderjury	https://www.literatuurplein.nl/litprijs.jsp?litPrijsId=42	http://web.archive.org/web/20191129213539/https://www.literatuurplein.nl/litprijs?litPrijsId=42	200	Klik
42	Nederlandse Kinderjury	https://www.literatuurplein.nl/detail/literaireprijs/nederlandse-kinderjury/42	http://web.archive.org/web/20191129105630/https://www.literatuurplein.nl/detail/literaireprijs/nederlandse-kinderjury/42	200	Klik
43	Hotze de Roos-prijs	https://literatuurplein.nl/detail/literaireprijs/hotze-de-roos-prijs/43	http://web.archive.org/web/20191126211104/https://literatuurplein.nl/detail/literaireprijs/hotze-de-roos-prijs/43	200	Klik
44	Gouden Penseel	https://literatuurplein.nl/detail/literaireprijs/gouden-penseel/44	http://web.archive.org/web/20191126211522/https://literatuurplein.nl/detail/literaireprijs/gouden-penseel/44	200	Klik
44	Gouden Penseel	https://www.literatuurplein.nl/detail/literaireprijs/gouden-penseel/44	http://web.archive.org/web/20191129105504/https://www.literatuurplein.nl/detail/literaireprijs/gouden-penseel/44	200	Klik
45	Martinus Nijhoff-prijs	https://literatuurplein.nl/detail/literaireprijs/martinus-nijhoff-prijs/45	http://web.archive.org/web/20191126211343/https://literatuurplein.nl/detail/literaireprijs/martinus-nijhoff-prijs/45	200	Klik
46	Annie Romeinprijs	https://literatuurplein.nl/detail/literaireprijs/annie-romeinprijs/46	http://web.archive.org/web/20191126210421/https://literatuurplein.nl/detail/literaireprijs/annie-romeinprijs/46	200	Klik
46	Annie Romeinprijs	https://www.literatuurplein.nl/detail/literaireprijs/annie-romeinprijs/46	http://web.archive.org/web/20191129105239/https://www.literatuurplein.nl/detail/literaireprijs/annie-romeinprijs/46	200	Klik
47	Busken Huet-prijs	https://literatuurplein.nl/detail/literaireprijs/busken-huet-prijs/47	http://web.archive.org/web/20191126210645/https://literatuurplein.nl/detail/literaireprijs/busken-huet-prijs/47	200	Klik
48	Prijs van de Jonge Jury	https://literatuurplein.nl/detail/literaireprijs/prijs-van-de-jonge-jury/48	http://web.archive.org/web/20191126211541/https://literatuurplein.nl/detail/literaireprijs/prijs-van-de-jonge-jury/48	200	Klik
49	Multatuli-prijs	https://literatuurplein.nl/detail/literaireprijs/multatuli-prijs/49	http://web.archive.org/web/20191126211414/https://literatuurplein.nl/detail/literaireprijs/multatuli-prijs/49	200	Klik
49	Multatuli-prijs	https://www.literatuurplein.nl/detail/literaireprijs/multatuli-prijs/49	http://web.archive.org/web/20191129105624/https://www.literatuurplein.nl/detail/literaireprijs/multatuli-prijs/49	200	Klik
50	Herman Gorter-prijs	https://literatuurplein.nl/detail/literaireprijs/herman-gorter-prijs/50	http://web.archive.org/web/20191126211052/https://literatuurplein.nl/detail/literaireprijs/herman-gorter-prijs/50	200	Klik
50	Herman Gorter-prijs	https://www.literatuurplein.nl/litprijs.jsp?litPrijsId=50	http://web.archive.org/web/20191129213552/https://www.literatuurplein.nl/litprijs?litPrijsId=50	200	Klik
51	Jan Hanlo Essayprijs Groot	https://literatuurplein.nl/detail/literaireprijs/jan-hanlo-essayprijs-groot/51	http://web.archive.org/web/20191126211153/https://literatuurplein.nl/detail/literaireprijs/jan-hanlo-essayprijs-groot/51	200	Klik
52	Jan Hanlo Essayprijs Klein	https://literatuurplein.nl/detail/literaireprijs/jan-hanlo-essayprijs-klein/52	http://web.archive.org/web/20191126211200/https://literatuurplein.nl/detail/literaireprijs/jan-hanlo-essayprijs-klein/52	200	Klik
53	Tollens-prijs	https://literatuurplein.nl/detail/literaireprijs/tollens-prijs/53	http://web.archive.org/web/20191126211636/https://literatuurplein.nl/detail/literaireprijs/tollens-prijs/53	200	Klik
54	Jo Peters PoëziePrijs	https://literatuurplein.nl/detail/literaireprijs/jo-peters-poezieprijs/54	http://web.archive.org/web/20191127095241/https://literatuurplein.nl/detail/literaireprijs/jo-peters-poezieprijs/54	200	Klik
55	Inktaap	https://literatuurplein.nl/detail/literaireprijs/inktaap/55	http://web.archive.org/web/20191126211116/https://literatuurplein.nl/detail/literaireprijs/inktaap/55	200	Klik
55	Inktaap	https://www.literatuurplein.nl/litprijs.jsp?litPrijsId=55	http://web.archive.org/web/20191129213559/https://www.literatuurplein.nl/litprijs?litPrijsId=55	200	Klik
55	Inktaap	https://www.literatuurplein.nl/detail/literaireprijs/inktaap/55	http://web.archive.org/web/20191129105534/https://www.literatuurplein.nl/detail/literaireprijs/inktaap/55	200	Klik
56	Hendrik de Vries-prijs	https://literatuurplein.nl/detail/literaireprijs/hendrik-de-vries-prijs/56	http://web.archive.org/web/20191126211021/https://literatuurplein.nl/detail/literaireprijs/hendrik-de-vries-prijs/56	200	Klik
57	Gouden Zoen	https://literatuurplein.nl/detail/literaireprijs/gouden-zoen/57	http://web.archive.org/web/20191126210742/https://literatuurplein.nl/detail/literaireprijs/gouden-zoen/57	200	Klik
57	Gouden Zoen	https://www.literatuurplein.nl/litprijs.jsp?litPrijsId=57	http://web.archive.org/web/20191129213606/https://www.literatuurplein.nl/litprijs?litPrijsId=57	200	Klik
58	Libris Geschiedenis Prijs	https://literatuurplein.nl/detail/literaireprijs/libris-geschiedenis-prijs/58	http://web.archive.org/web/20191126211319/https://literatuurplein.nl/detail/literaireprijs/libris-geschiedenis-prijs/58	200	Klik
58	Libris Geschiedenis Prijs	https://www.literatuurplein.nl/litprijs.jsp?litPrijsId=58	http://web.archive.org/web/20191129213613/https://www.literatuurplein.nl/litprijs?litPrijsId=58	200	Klik
58	Libris Geschiedenis Prijs	https://www.literatuurplein.nl/detail/literaireprijs/libris-geschiedenis-prijs/58	http://web.archive.org/web/20191129105605/https://www.literatuurplein.nl/detail/literaireprijs/libris-geschiedenis-prijs/58	200	Klik
59	Anna Blaman Prijs	https://literatuurplein.nl/detail/literaireprijs/anna-blaman-prijs/59	http://web.archive.org/web/20191126210415/https://literatuurplein.nl/detail/literaireprijs/anna-blaman-prijs/59	200	Klik
59	Anna Blaman Prijs	https://www.literatuurplein.nl/litprijs.jsp?litPrijsId=59	http://web.archive.org/web/20191129213620/https://www.literatuurplein.nl/litprijs?litPrijsId=59	200	Klik
59	Anna Blaman Prijs	https://www.literatuurplein.nl/detail/literaireprijs/anna-blaman-prijs/59	http://web.archive.org/web/20191129105233/https://www.literatuurplein.nl/detail/literaireprijs/anna-blaman-prijs/59	200	Klik
60	VSB Poëzieprijs	https://literatuurplein.nl/detail/literaireprijs/vsb-poezieprijs/60	http://web.archive.org/web/20191126211655/https://literatuurplein.nl/detail/literaireprijs/vsb-poezieprijs/60	200	Klik
60	VSB Poëzieprijs	https://www.literatuurplein.nl/litprijs.jsp?litPrijsId=60	http://web.archive.org/web/20191129213634/https://www.literatuurplein.nl/litprijs?litPrijsId=60	200	Klik
60	VSB Poëzieprijs	https://www.literatuurplein.nl/detail/literaireprijs/vsb-poezieprijs/60	http://web.archive.org/web/20191129105722/https://www.literatuurplein.nl/detail/literaireprijs/vsb-poezieprijs/60	200	Klik
61	Selexyz Debuutprijs	https://literatuurplein.nl/detail/literaireprijs/selexyz-debuutprijs/61	http://web.archive.org/web/20191126211618/https://literatuurplein.nl/detail/literaireprijs/selexyz-debuutprijs/61	200	Klik
62	Marten Toonder/Geertjan Lubberhuizen-prijs voor Literaire Prozadebuten	https://literatuurplein.nl/detail/literaireprijs/marten-toonder-geertjan-lubberhuizen-prijs-voor-literaire-prozadebuten/62	http://web.archive.org/web/20191126211337/https://literatuurplein.nl/detail/literaireprijs/marten-toonder-geertjan-lubberhuizen-prijs-voor-literaire-prozadebuten/62	200	Klik
63	Geertjan Lubberhuizen-prijs	https://literatuurplein.nl/detail/literaireprijs/geertjan-lubberhuizen-prijs/63	http://web.archive.org/web/20191126210910/https://literatuurplein.nl/detail/literaireprijs/geertjan-lubberhuizen-prijs/63	200	Klik
64	Taalunie Toneelschrijfprijs	https://literatuurplein.nl/detail/literaireprijs/taalunie-toneelschrijfprijs/64	http://web.archive.org/web/20191126211624/https://literatuurplein.nl/detail/literaireprijs/taalunie-toneelschrijfprijs/64	200	Klik
65	Nederlands-Vlaamse Toneelschrijfprijs	https://literatuurplein.nl/detail/literaireprijs/nederlands-vlaamse-toneelschrijfprijs/65	http://web.archive.org/web/20191126211426/https://literatuurplein.nl/detail/literaireprijs/nederlands-vlaamse-toneelschrijfprijs/65	200	Klik
66	Jacobus van Looy-prijs	https://literatuurplein.nl/detail/literaireprijs/jacobus-van-looy-prijs/66	http://web.archive.org/web/20191126211141/https://literatuurplein.nl/detail/literaireprijs/jacobus-van-looy-prijs/66	200	Klik
67	J.C. Bloem-poëzieprijs	https://literatuurplein.nl/detail/literaireprijs/j-c-bloem-poezieprijs/67	http://web.archive.org/web/20191126211129/https://literatuurplein.nl/detail/literaireprijs/j-c-bloem-poezieprijs/67	200	Klik
67	J.C. Bloem-poëzieprijs	https://www.literatuurplein.nl/litprijs.jsp?litPrijsId=67	http://web.archive.org/web/20191129213641/https://www.literatuurplein.nl/litprijs?litPrijsId=67	200	Klik
68	Prentenboek van het Jaar	https://literatuurplein.nl/detail/literaireprijs/prentenboek-van-het-jaar/68	http://web.archive.org/web/20191126211529/https://literatuurplein.nl/detail/literaireprijs/prentenboek-van-het-jaar/68	200	Klik
68	Prentenboek van het Jaar	https://www.literatuurplein.nl/litprijs.jsp?litPrijsId=68	http://web.archive.org/web/20191129213648/https://www.literatuurplein.nl/litprijs?litPrijsId=68	200	Klik
69	Kiekeboekprijs	https://literatuurplein.nl/detail/literaireprijs/kiekeboekprijs/69	http://web.archive.org/web/20191126211240/https://literatuurplein.nl/detail/literaireprijs/kiekeboekprijs/69	200	Klik
69	Kiekeboekprijs	https://www.literatuurplein.nl/detail/literaireprijs/kiekeboekprijs/69	http://web.archive.org/web/20191129105553/https://www.literatuurplein.nl/detail/literaireprijs/kiekeboekprijs/69	200	Klik
70	Het Beste Kinderboek	https://literatuurplein.nl/detail/literaireprijs/het-beste-kinderboek/70	http://web.archive.org/web/20191126211058/https://literatuurplein.nl/detail/literaireprijs/het-beste-kinderboek/70	200	Klik
71	Gouden Ezelsoor	https://literatuurplein.nl/detail/literaireprijs/gouden-ezelsoor/71	http://web.archive.org/web/20191126210928/https://literatuurplein.nl/detail/literaireprijs/gouden-ezelsoor/71	200	Klik
71	Gouden Ezelsoor	https://www.literatuurplein.nl/litprijs.jsp?litPrijsId=71	http://web.archive.org/web/20191129213712/https://www.literatuurplein.nl/litprijs?litPrijsId=71	200	Klik
72	Gouden Boekenuil	https://literatuurplein.nl/detail/literaireprijs/gouden-boekenuil/72	http://web.archive.org/web/20191126210922/https://literatuurplein.nl/detail/literaireprijs/gouden-boekenuil/72	200	Klik
72	Gouden Boekenuil	https://www.literatuurplein.nl/litprijs.jsp?litPrijsId=72	http://web.archive.org/web/20191129213719/https://www.literatuurplein.nl/litprijs?litPrijsId=72	200	Klik
72	Gouden Boekenuil	https://www.literatuurplein.nl/detail/literaireprijs/gouden-boekenuil/72	http://web.archive.org/web/20191129105446/https://www.literatuurplein.nl/detail/literaireprijs/gouden-boekenuil/72	200	Klik
73	Awater Poëzieprijs	https://literatuurplein.nl/detail/literaireprijs/awater-poezieprijs/73	http://web.archive.org/web/20191126210448/https://literatuurplein.nl/detail/literaireprijs/awater-poezieprijs/73	200	Klik
73	Awater Poëzieprijs	https://www.literatuurplein.nl/litprijs.jsp?litPrijsId=73	http://web.archive.org/web/20191129213726/https://www.literatuurplein.nl/litprijs?litPrijsId=73	200	Klik
74	Bob den Uyl Prijs	https://literatuurplein.nl/detail/literaireprijs/bob-den-uyl-prijs/74	http://web.archive.org/web/20191126210527/https://literatuurplein.nl/detail/literaireprijs/bob-den-uyl-prijs/74	200	Klik
74	Bob den Uyl Prijs	https://www.literatuurplein.nl/litprijs.jsp?litPrijsId=74	http://web.archive.org/web/20191129213734/https://www.literatuurplein.nl/litprijs?litPrijsId=74	200	Klik
74	Bob den Uyl Prijs	https://www.literatuurplein.nl/detail/literaireprijs/bob-den-uyl-prijs/74	http://web.archive.org/web/20191129105315/https://www.literatuurplein.nl/detail/literaireprijs/bob-den-uyl-prijs/74	200	Klik
75	Kruyskamp-prijs	https://literatuurplein.nl/detail/literaireprijs/kruyskamp-prijs/75	http://web.archive.org/web/20191126211300/https://literatuurplein.nl/detail/literaireprijs/kruyskamp-prijs/75	200	Klik
76	Prijs voor de literaire kritiek	https://literatuurplein.nl/detail/literaireprijs/prijs-voor-de-literaire-kritiek/76	http://web.archive.org/web/20191126211547/https://literatuurplein.nl/detail/literaireprijs/prijs-voor-de-literaire-kritiek/76	200	Klik
77	Meiprijs	https://literatuurplein.nl/detail/literaireprijs/meiprijs/77	http://web.archive.org/web/20191126211402/https://literatuurplein.nl/detail/literaireprijs/meiprijs/77	200	Klik
78	Mekka-prijs	https://literatuurplein.nl/detail/literaireprijs/mekka-prijs/78	http://web.archive.org/web/20191126211408/https://literatuurplein.nl/detail/literaireprijs/mekka-prijs/78	200	Klik
79	Mathias Kemp-prijs	https://literatuurplein.nl/detail/literaireprijs/mathias-kemp-prijs/79	http://web.archive.org/web/20191126211350/https://literatuurplein.nl/detail/literaireprijs/mathias-kemp-prijs/79	200	Klik
79	Mathias Kemp-prijs	https://www.literatuurplein.nl/litprijs.jsp?litPrijsId=79	http://web.archive.org/web/20191129213742/https://www.literatuurplein.nl/litprijs?litPrijsId=79	200	Klik
80	Dioraphte Literatour Prijs	https://literatuurplein.nl/detail/literaireprijs/dioraphte-literatour-prijs/80	http://web.archive.org/web/20191126210807/https://literatuurplein.nl/detail/literaireprijs/dioraphte-literatour-prijs/80	200	Klik
80	Dioraphte Literatour Prijs	https://www.literatuurplein.nl/litprijs.jsp?litPrijsId=80	http://web.archive.org/web/20191129213749/https://www.literatuurplein.nl/litprijs?litPrijsId=80	200	Klik
81	E. du Perronprijs	https://literatuurplein.nl/detail/literaireprijs/e-du-perronprijs/81	http://web.archive.org/web/20191126210820/https://literatuurplein.nl/detail/literaireprijs/e-du-perronprijs/81	200	Klik
82	Kees Stip-prijs	https://literatuurplein.nl/detail/literaireprijs/kees-stip-prijs/82	http://web.archive.org/web/20191126211234/https://literatuurplein.nl/detail/literaireprijs/kees-stip-prijs/82	200	Klik
83	De Tweede Ronde-prijs	https://literatuurplein.nl/detail/literaireprijs/de-tweede-ronde-prijs/83	http://web.archive.org/web/20191126210749/https://literatuurplein.nl/detail/literaireprijs/de-tweede-ronde-prijs/83	200	Klik
84	Charlotte Köhler-prijs voor Literatuur	https://literatuurplein.nl/detail/literaireprijs/charlotte-kohler-prijs-voor-literatuur/84	http://web.archive.org/web/20191126210724/https://literatuurplein.nl/detail/literaireprijs/charlotte-kohler-prijs-voor-literatuur/84	200	Klik
85	A. Roland Holst-prijs	https://literatuurplein.nl/detail/literaireprijs/a-roland-holst-prijs/85	http://web.archive.org/web/20191126210333/https://literatuurplein.nl/detail/literaireprijs/a-roland-holst-prijs/85	200	Klik
85	A. Roland Holst-prijs	https://www.literatuurplein.nl/litprijs.jsp?litPrijsId=85	http://web.archive.org/web/20191129213756/https://www.literatuurplein.nl/litprijs?litPrijsId=85	200	Klik
85	A. Roland Holst-prijs	https://www.literatuurplein.nl/detail/literaireprijs/a-roland-holst-prijs/85	http://web.archive.org/web/20191129105257/https://www.literatuurplein.nl/detail/literaireprijs/a-roland-holst-prijs/85	200	Klik
86	DebutantenPrijs	https://literatuurplein.nl/detail/literaireprijs/debutantenprijs/86	http://web.archive.org/web/20191126210755/https://literatuurplein.nl/detail/literaireprijs/debutantenprijs/86	200	Klik
86	DebutantenPrijs	https://www.literatuurplein.nl/litprijs.jsp?litPrijsId=86	http://web.archive.org/web/20191129213803/https://www.literatuurplein.nl/litprijs?litPrijsId=86	200	Klik
86	DebutantenPrijs	https://www.literatuurplein.nl/detail/literaireprijs/debutantenprijs/86	http://web.archive.org/web/20191129105410/https://www.literatuurplein.nl/detail/literaireprijs/debutantenprijs/86	200	Klik
87	Academica DebutantenPrijs	https://literatuurplein.nl/detail/literaireprijs/academica-debutantenprijs/87	http://web.archive.org/web/20191126210340/https://literatuurplein.nl/detail/literaireprijs/academica-debutantenprijs/87	200	Klik
87	Academica DebutantenPrijs	https://www.literatuurplein.nl/litprijs.jsp?litPrijsId=87	http://web.archive.org/web/20191129213810/https://www.literatuurplein.nl/litprijs?litPrijsId=87	200	Klik
87	Academica DebutantenPrijs	https://www.literatuurplein.nl/detail/literaireprijs/academica-debutantenprijs/87	http://web.archive.org/web/20191129105215/https://www.literatuurplein.nl/detail/literaireprijs/academica-debutantenprijs/87	200	Klik
88	RABO-bank Lenteprijs voor Literatuur	https://literatuurplein.nl/detail/literaireprijs/rabo-bank-lenteprijs-voor-literatuur/88	http://web.archive.org/web/20191126211612/https://literatuurplein.nl/detail/literaireprijs/rabo-bank-lenteprijs-voor-literatuur/88	200	Klik
89	Nieuw Proza Prijs Venlo	https://literatuurplein.nl/detail/literaireprijs/nieuw-proza-prijs-venlo/89	http://web.archive.org/web/20191126211445/https://literatuurplein.nl/detail/literaireprijs/nieuw-proza-prijs-venlo/89	200	Klik
90	Boek-delenprijs	https://literatuurplein.nl/detail/literaireprijs/boek-delenprijs/90	http://web.archive.org/web/20191126210533/https://literatuurplein.nl/detail/literaireprijs/boek-delenprijs/90	200	Klik
90	Boek-delenprijs	https://www.literatuurplein.nl/litprijs.jsp?litPrijsId=90	http://web.archive.org/web/20191129213823/https://www.literatuurplein.nl/litprijs?litPrijsId=90	200	Klik
90	Boek-delenprijs	https://www.literatuurplein.nl/detail/literaireprijs/boek-delenprijs/90	http://web.archive.org/web/20191129105321/https://www.literatuurplein.nl/detail/literaireprijs/boek-delenprijs/90	200	Klik
91	Victorine Hefting Prijs	https://literatuurplein.nl/detail/literaireprijs/victorine-hefting-prijs/91	http://web.archive.org/web/20191126211643/https://literatuurplein.nl/detail/literaireprijs/victorine-hefting-prijs/91	200	Klik
92	BNG Bank Literatuurprijs	https://literatuurplein.nl/detail/literaireprijs/bng-bank-literatuurprijs/92	http://web.archive.org/web/20191126210520/https://literatuurplein.nl/detail/literaireprijs/bng-bank-literatuurprijs/92	200	Klik
92	BNG Bank Literatuurprijs	https://www.literatuurplein.nl/litprijs.jsp?litPrijsId=92	http://web.archive.org/web/20191129213830/https://www.literatuurplein.nl/litprijs?litPrijsId=92	200	Klik
92	BNG Bank Literatuurprijs	https://www.literatuurplein.nl/detail/literaireprijs/bng-bank-literatuurprijs/92	http://web.archive.org/web/20191129105309/https://www.literatuurplein.nl/detail/literaireprijs/bng-bank-literatuurprijs/92	200	Klik
93	C.C.S. Crone-prijs	https://literatuurplein.nl/detail/literaireprijs/c-c-s-crone-prijs-/93	http://web.archive.org/web/20191126210705/https://literatuurplein.nl/detail/literaireprijs/c-c-s-crone-prijs-/93	200	Klik
94	Kinderboekwinkelprijs	https://literatuurplein.nl/detail/literaireprijs/kinderboekwinkelprijs/94	http://web.archive.org/web/20191126211247/https://literatuurplein.nl/detail/literaireprijs/kinderboekwinkelprijs/94	200	Klik
94	Kinderboekwinkelprijs	https://www.literatuurplein.nl/litprijs.jsp?litPrijsId=94	http://web.archive.org/web/20191129213837/https://www.literatuurplein.nl/litprijs?litPrijsId=94	200	Klik
95	Kinderboekwinkel Publieksprijs	https://literatuurplein.nl/detail/literaireprijs/kinderboekwinkel-publieksprijs/95	http://web.archive.org/web/20191126211254/https://literatuurplein.nl/detail/literaireprijs/kinderboekwinkel-publieksprijs/95	200	Klik
96	Gouden Boekenuil - Prijs van de Lezersjury	https://literatuurplein.nl/detail/literaireprijs/gouden-boekenuil-prijs-van-de-lezersjury/96	http://web.archive.org/web/20191126210916/https://literatuurplein.nl/detail/literaireprijs/gouden-boekenuil-prijs-van-de-lezersjury/96	200	Klik
96	Gouden Boekenuil - Prijs van de Lezersjury	https://www.literatuurplein.nl/litprijs.jsp?litPrijsId=96	http://web.archive.org/web/20191129213845/https://www.literatuurplein.nl/litprijs?litPrijsId=96	200	Klik
96	Gouden Boekenuil - Prijs van de Lezersjury	https://www.literatuurplein.nl/detail/literaireprijs/gouden-boekenuil-prijs-van-de-lezersjury/96	http://web.archive.org/web/20191129105452/https://www.literatuurplein.nl/detail/literaireprijs/gouden-boekenuil-prijs-van-de-lezersjury/96	200	Klik
97	Jan Hanlo Filmessayprijs	https://literatuurplein.nl/detail/literaireprijs/jan-hanlo-filmessayprijs/97	http://web.archive.org/web/20191126211206/https://literatuurplein.nl/detail/literaireprijs/jan-hanlo-filmessayprijs/97	200	Klik
98	BoekStart Babyboekje van het Jaar	https://literatuurplein.nl/detail/literaireprijs/boekstart-babyboekje-van-het-jaar-/98	http://web.archive.org/web/20191126210557/https://literatuurplein.nl/detail/literaireprijs/boekstart-babyboekje-van-het-jaar-/98	200	Klik
99	Nico Scheepmaker Beker	https://literatuurplein.nl/detail/literaireprijs/nico-scheepmaker-beker/99	http://web.archive.org/web/20191126211432/https://literatuurplein.nl/detail/literaireprijs/nico-scheepmaker-beker/99	200	Klik
101	Leesclubboek van het Jaar	https://literatuurplein.nl/detail/literaireprijs/leesclubboek-van-het-jaar/101	http://web.archive.org/web/20191126211306/https://literatuurplein.nl/detail/literaireprijs/leesclubboek-van-het-jaar/101	200	Klik
102	Academica Literatuurprijs	https://literatuurplein.nl/detail/literaireprijs/academica-literatuurprijs/102	http://web.archive.org/web/20191126210346/https://literatuurplein.nl/detail/literaireprijs/academica-literatuurprijs/102	200	Klik
102	Academica Literatuurprijs	https://www.literatuurplein.nl/litprijs.jsp?litPrijsId=102	http://web.archive.org/web/20191129213224/https://www.literatuurplein.nl/litprijs?litPrijsId=102	200	Klik
102	Academica Literatuurprijs	https://www.literatuurplein.nl/detail/literaireprijs/academica-literatuurprijs/102	http://web.archive.org/web/20191129105221/https://www.literatuurplein.nl/detail/literaireprijs/academica-literatuurprijs/102	200	Klik
103	Europese Literatuurprijs	https://literatuurplein.nl/detail/literaireprijs/europese-literatuurprijs/103	http://web.archive.org/web/20191126210832/https://literatuurplein.nl/detail/literaireprijs/europese-literatuurprijs/103	200	Klik
103	Europese Literatuurprijs	https://www.literatuurplein.nl/litprijs.jsp?litPrijsId=103	http://web.archive.org/web/20191129213235/https://www.literatuurplein.nl/litprijs?litPrijsId=103	200	Klik
103	Europese Literatuurprijs	https://www.literatuurplein.nl/detail/literaireprijs/europese-literatuurprijs/103	http://web.archive.org/web/20191129105422/https://www.literatuurplein.nl/detail/literaireprijs/europese-literatuurprijs/103	200	Klik
104	Gouden Lijst	https://literatuurplein.nl/detail/literaireprijs/gouden-lijst/104	http://web.archive.org/web/20191126210941/https://literatuurplein.nl/detail/literaireprijs/gouden-lijst/104	200	Klik
104	Gouden Lijst	https://www.literatuurplein.nl/litprijs.jsp?litPrijsId=104	http://web.archive.org/web/20191129213245/https://www.literatuurplein.nl/litprijs?litPrijsId=104	200	Klik
105	Debuutprijs	https://literatuurplein.nl/detail/literaireprijs/debuutprijs/105	http://web.archive.org/web/20191126210801/https://literatuurplein.nl/detail/literaireprijs/debuutprijs/105	200	Klik
105	Debuutprijs	https://www.literatuurplein.nl/litprijs.jsp?litPrijsId=105	http://web.archive.org/web/20191129213252/https://www.literatuurplein.nl/litprijs?litPrijsId=105	200	Klik
105	Debuutprijs	https://www.literatuurplein.nl/detail/literaireprijs/debuutprijs/105	http://web.archive.org/web/20191129105416/https://www.literatuurplein.nl/detail/literaireprijs/debuutprijs/105	200	Klik
106	Jan Wolkers Prijs	https://literatuurplein.nl/detail/literaireprijs/jan-wolkers-prijs/106	http://web.archive.org/web/20191126211218/https://literatuurplein.nl/detail/literaireprijs/jan-wolkers-prijs/106	200	Klik
106	Jan Wolkers Prijs	https://www.literatuurplein.nl/litprijs.jsp?litPrijsId=106	http://web.archive.org/web/20191129213259/https://www.literatuurplein.nl/litprijs?litPrijsId=106	200	Klik
106	Jan Wolkers Prijs	https://www.literatuurplein.nl/detail/literaireprijs/jan-wolkers-prijs/106	http://web.archive.org/web/20191129105540/https://www.literatuurplein.nl/detail/literaireprijs/jan-wolkers-prijs/106	200	Klik
107	Bijenkorf-literatuurprijs	https://literatuurplein.nl/detail/literaireprijs/bijenkorf-literatuurprijs/107	http://web.archive.org/web/20191126210507/https://literatuurplein.nl/detail/literaireprijs/bijenkorf-literatuurprijs/107	200	Klik
108	Boekenmarkt-prijs	https://literatuurplein.nl/detail/literaireprijs/boekenmarkt-prijs/108	http://web.archive.org/web/20191126210539/https://literatuurplein.nl/detail/literaireprijs/boekenmarkt-prijs/108	200	Klik
109	PrinsjesBoekenprijs	https://literatuurplein.nl/detail/literaireprijs/prinsjesboekenprijs/109	http://web.archive.org/web/20191126211605/https://literatuurplein.nl/detail/literaireprijs/prinsjesboekenprijs/109	200	Klik
110	Herman de Coninckprijs	https://literatuurplein.nl/detail/literaireprijs/herman-de-coninckprijs/110	http://web.archive.org/web/20191126211046/https://literatuurplein.nl/detail/literaireprijs/herman-de-coninckprijs/110	200	Klik
110	Herman de Coninckprijs	https://www.literatuurplein.nl/litprijs.jsp?litPrijsId=110	http://web.archive.org/web/20191129213306/https://www.literatuurplein.nl/litprijs?litPrijsId=110	200	Klik
110	Herman de Coninckprijs	https://www.literatuurplein.nl/detail/literaireprijs/herman-de-coninckprijs/110	http://web.archive.org/web/20191129105528/https://www.literatuurplein.nl/detail/literaireprijs/herman-de-coninckprijs/110	200	Klik
111	J.M.A. Biesheuvelprijs	https://literatuurplein.nl/detail/literaireprijs/j-m-a-biesheuvelprijs/111	http://web.archive.org/web/20191126211135/https://literatuurplein.nl/detail/literaireprijs/j-m-a-biesheuvelprijs/111	200	Klik
111	J.M.A. Biesheuvelprijs	https://www.literatuurplein.nl/detail/literaireprijs/j-m-a-biesheuvelprijs/111	http://web.archive.org/web/20191129105546/https://www.literatuurplein.nl/detail/literaireprijs/j-m-a-biesheuvelprijs/111	200	Klik
112	Boekhandelsprijs	https://literatuurplein.nl/detail/literaireprijs/boekhandelsprijs/112	http://web.archive.org/web/20191126210551/https://literatuurplein.nl/detail/literaireprijs/boekhandelsprijs/112	200	Klik
114	Letterenfonds Vertaalprijs	https://literatuurplein.nl/detail/literaireprijs/letterenfonds-vertaalprijs/114	http://web.archive.org/web/20191126211313/https://literatuurplein.nl/detail/literaireprijs/letterenfonds-vertaalprijs/114	200	Klik
114	Letterenfonds Vertaalprijs	https://www.literatuurplein.nl/detail/literaireprijs/letterenfonds-vertaalprijs/114	http://web.archive.org/web/20191129105558/https://www.literatuurplein.nl/detail/literaireprijs/letterenfonds-vertaalprijs/114	200	Klik
115	BookSpot Literatuurprijs Fictie	https://literatuurplein.nl/detail/literaireprijs/bookspot-literatuurprijs-fictie/115	http://web.archive.org/web/20191126210616/https://literatuurplein.nl/detail/literaireprijs/bookspot-literatuurprijs-fictie/115	200	Klik
115	BookSpot Literatuurprijs Fictie	https://www.literatuurplein.nl/litprijs.jsp?litPrijsId=115	http://web.archive.org/web/20191129213313/https://www.literatuurplein.nl/litprijs?litPrijsId=115	200	Klik
115	BookSpot Literatuurprijs Fictie	https://www.literatuurplein.nl/detail/literaireprijs/bookspot-literatuurprijs/115	http://web.archive.org/web/20191126213951/https://www.literatuurplein.nl/detail/literaireprijs/bookspot-literatuurprijs/115	200	Klik
115	BookSpot Literatuurprijs Fictie	https://www.literatuurplein.nl/detail/literaireprijs/bookspot-literatuurprijs-fictie/115	http://web.archive.org/web/20191129105333/https://www.literatuurplein.nl/detail/literaireprijs/bookspot-literatuurprijs-fictie/115	200	Klik
116	Beste Spirituele Boek	https://literatuurplein.nl/detail/literaireprijs/beste-spirituele-boek/116	http://web.archive.org/web/20191126210501/https://literatuurplein.nl/detail/literaireprijs/beste-spirituele-boek/116	200	Klik
117	Fintro Literatuurprijs	https://literatuurplein.nl/detail/literaireprijs/fintro-literatuurprijs/117	http://web.archive.org/web/20191126210851/https://literatuurplein.nl/detail/literaireprijs/fintro-literatuurprijs/117	200	Klik
117	Fintro Literatuurprijs	https://www.literatuurplein.nl/detail/literaireprijs/fintro-literatuurprijs/117	http://web.archive.org/web/20191129105440/https://www.literatuurplein.nl/detail/literaireprijs/fintro-literatuurprijs/117	200	Klik
118	ANV Debutantenprijs	https://literatuurplein.nl/detail/literaireprijs/anv-debutantenprijs/118	http://web.archive.org/web/20191126210435/https://literatuurplein.nl/detail/literaireprijs/anv-debutantenprijs/118	200	Klik
118	ANV Debutantenprijs	https://www.literatuurplein.nl/litprijs.jsp?litPrijsId=118	http://web.archive.org/web/20191129213320/https://www.literatuurplein.nl/litprijs?litPrijsId=118	200	Klik
118	ANV Debutantenprijs	https://www.literatuurplein.nl/detail/literaireprijs/anv-debutantenprijs/118	http://web.archive.org/web/20191129105251/https://www.literatuurplein.nl/detail/literaireprijs/anv-debutantenprijs/118	200	Klik
119	Thea Beckmanprijs	https://literatuurplein.nl/detail/literaireprijs/thea-beckmanprijs/119	http://web.archive.org/web/20191126210441/https://literatuurplein.nl/detail/literaireprijs/thea-beckmanprijs/119	200	Klik
119	Thea Beckmanprijs	https://www.literatuurplein.nl/detail/literaireprijs/thea-beckmanprijs/119	http://web.archive.org/web/20191129105704/https://www.literatuurplein.nl/detail/literaireprijs/thea-beckmanprijs/119	200	Klik
120	Brusseprijs	https://literatuurplein.nl/detail/literaireprijs/brusseprijs/120	http://web.archive.org/web/20191126210639/https://literatuurplein.nl/detail/literaireprijs/brusseprijs/120	200	Klik
121	Jan Wolkers Oeuvreprijs	https://literatuurplein.nl/detail/literaireprijs/jan-wolkers-oeuvreprijs/121	http://web.archive.org/web/20191126211212/https://literatuurplein.nl/detail/literaireprijs/jan-wolkers-oeuvreprijs/121	200	Klik
122	NRC Boekenwedstrijd	https://literatuurplein.nl/detail/literaireprijs/nrc-boekenwedstrijd/122	http://web.archive.org/web/20191126211457/https://literatuurplein.nl/detail/literaireprijs/nrc-boekenwedstrijd/122	200	Klik
123	Filter Vertaalprijs	https://literatuurplein.nl/detail/literaireprijs/filter-vertaalprijs/123	http://web.archive.org/web/20191126210845/https://literatuurplein.nl/detail/literaireprijs/filter-vertaalprijs/123	200	Klik
123	Filter Vertaalprijs	https://www.literatuurplein.nl/detail/literaireprijs/filter-vertaalprijs/123	http://web.archive.org/web/20191129105434/https://www.literatuurplein.nl/detail/literaireprijs/filter-vertaalprijs/123	200	Klik
124	Beste Boek voor Jongeren	https://literatuurplein.nl/detail/literaireprijs/beste-boek-voor-jongeren/124	http://web.archive.org/web/20191126210455/https://literatuurplein.nl/detail/literaireprijs/beste-boek-voor-jongeren/124	200	Klik
124	Beste Boek voor Jongeren	https://www.literatuurplein.nl/detail/literaireprijs/beste-boek-voor-jongeren/124	http://web.archive.org/web/20191129105303/https://www.literatuurplein.nl/detail/literaireprijs/beste-boek-voor-jongeren/124	200	Klik
125	C.C.S. Crone Stipendium	https://literatuurplein.nl/detail/literaireprijs/c-c-s-crone-stipendium/125	http://web.archive.org/web/20191126210711/https://literatuurplein.nl/detail/literaireprijs/c-c-s-crone-stipendium/125	200	Klik
126	Hendrik de Vriesstipendium	https://literatuurplein.nl/detail/literaireprijs/hendrik-de-vriesstipendium/126	http://web.archive.org/web/20191126211027/https://literatuurplein.nl/detail/literaireprijs/hendrik-de-vriesstipendium/126	200	Klik
127	Nederlandse Biografieprijs	https://literatuurplein.nl/detail/literaireprijs/nederlandse-biografieprijs/127	http://web.archive.org/web/20191126210826/https://literatuurplein.nl/detail/literaireprijs/nederlandse-biografieprijs/127	200	Klik
128	De Bronzen Uil	https://literatuurplein.nl/detail/literaireprijs/de-bronzen-uil/128	http://web.archive.org/web/20191126210736/https://literatuurplein.nl/detail/literaireprijs/de-bronzen-uil/128	200	Klik
128	De Bronzen Uil	https://www.literatuurplein.nl/detail/literaireprijs/de-bronzen-uil/128	http://web.archive.org/web/20191129105404/https://www.literatuurplein.nl/detail/literaireprijs/de-bronzen-uil/128	200	Klik
129	De Grote Poëzieprijs	https://literatuurplein.nl/detail/literaireprijs/de-grote-poezieprijs/129	http://web.archive.org/web/20191126211008/https://literatuurplein.nl/detail/literaireprijs/de-grote-poezieprijs/129	200	Klik
131	BookSpot Literatuurprijs Non-fictie	https://literatuurplein.nl/detail/literaireprijs/bookspot-literatuurprijs-non-fictie/131	http://web.archive.org/web/20191126210623/https://literatuurplein.nl/detail/literaireprijs/bookspot-literatuurprijs-non-fictie/131	200	Klik
131	BookSpot Literatuurprijs Non-fictie	https://www.literatuurplein.nl/detail/literaireprijs/bookspot-literatuurprijs-non-fictie/131	http://web.archive.org/web/20191126213944/https://www.literatuurplein.nl/detail/literaireprijs/bookspot-literatuurprijs-non-fictie/131	200	Klik
133	Boekensleutel	https://literatuurplein.nl/detail/literaireprijs/boekensleutel/133	http://web.archive.org/web/20191126210545/https://literatuurplein.nl/detail/literaireprijs/boekensleutel/133	200	Klik
134	Aleida Schotprijs	https://literatuurplein.nl/detail/literaireprijs/aleida-schotprijs/134	http://web.archive.org/web/20191126210402/https://literatuurplein.nl/detail/literaireprijs/aleida-schotprijs/134	200	Klik
135	BookSpot Lezersprijs	https://literatuurplein.nl/detail/literaireprijs/bookspot-lezersprijs/135	http://web.archive.org/web/20191126210609/https://literatuurplein.nl/detail/literaireprijs/bookspot-lezersprijs/135	200	Klik
		https://www.literatuurplein.nl/litprijzen	http://web.archive.org/web/20191129220242/https://www.literatuurplein.nl/litprijzen	200	Klik
		https://www.literatuurplein.nl/litprijzen.jsp	http://web.archive.org/web/20191129220249/https://www.literatuurplein.nl/litprijzen	200	Klik
		https://www.literatuurplein.nl/litprijzen-resultaten	http://web.archive.org/web/20191129220258/https://www.literatuurplein.nl/litprijzen-resultaten	200	Klik
		https://www.literatuurplein.nl/litprijzen-resultaten.jsp	http://web.archive.org/web/20191129220305/https://www.literatuurplein.nl/litprijzen-resultaten	200	Klik